0.033366667,0
0.066733334,0.007017232
0.1001,0.006085821
0.133466667,0.001243924
0.166833334,0.001617572
0.200200001,-0.0008297
0.233566668,-0.000655019
0.266933335,-0.000205304
0.300300001,0.001550016
0.333666668,0.000898196
0.367033335,0.000318134
0.400400002,0.00174971
0.433766669,0.000720506
0.467133336,-0.002498071
0.500500002,-0.005663571
0.533866669,-0.006689673
0.567233336,-0.00570881
0.600600003,-0.007642742
0.63396667,-0.006522571
0.667333336,-0.006772413
0.700700003,-0.007259123
0.73406667,-0.007611759
0.767433337,-0.005668513
0.800800004,-0.003955184
0.834166671,-0.002493198
0.867533337,-0.005498881
0.900900004,-0.001943741
0.934266671,-0.002173305
0.967633338,0.003943108
1.001000005,0.012522291
1.034366671,0.009637035
1.067733338,0.0099202
1.101100005,0.007549322
1.134466672,0.007938365
1.167833339,0.008406436
1.201200006,0.014152851
1.234566672,0.013695051
1.267933339,0.011025647
1.301300006,0.01299994
1.334666673,0.014909598
1.36803334,0.017465744
1.401400007,0.0189786
1.434766673,0.017358641
1.46813334,0.018126603
1.501500007,0.020547401
1.534866674,0.022714328
1.568233341,0.021706139
1.601600007,0.020661997
1.634966674,0.019000431
1.668333341,0.017415293
1.701700008,0.019662483
1.735066675,0.016907275
1.768433342,0.015712829
1.801800008,0.016123016
1.835166675,0.014285237
1.868533342,0.011605621
1.901900009,0.014901865
1.935266676,0.015890378
1.968633342,0.019079503
2.002000009,0.020014402
2.035366676,0.018444648
2.068733343,0.016327091
2.10210001,0.016847201
2.135466677,0.015942401
2.168833343,0.014651482
2.20220001,0.015101182
2.235566677,0.014917581
2.268933344,0.014218772
2.302300011,0.013843738
2.335666678,0.011930448
2.369033344,0.014103215
2.402400011,0.014037316
2.435766678,0.012817877
2.469133345,0.01336769
2.502500012,0.014350388
2.535866678,0.015416058
2.569233345,0.013361777
2.602600012,0.014107234
2.635966679,0.014094958
2.669333346,0.012392144
2.702700013,0.014895443
2.736066679,0.013472119
2.769433346,0.01371394
2.802800013,0.013705462
2.83616668,0.013927922
2.869533347,0.014917741
2.902900013,0.015030784
2.93626668,0.013587745
2.969633347,0.013620987
3.003000014,0.014439686
3.036366681,0.014585875
3.069733348,0.014688133
3.103100014,0.01435839
3.136466681,0.014647415
3.169833348,0.014818153
3.203200015,0.015378622
3.236566682,0.014386321
3.269933349,0.015264657
3.303300015,0.018319018
3.336666682,0.015133068
3.370033349,0.016558462
3.403400016,0.015651394
3.436766683,0.015259537
3.470133349,0.014444847
3.503500016,0.013880315
3.536866683,0.014112336
3.57023335,0.011428222
3.603600017,0.013247093
3.636966684,0.012018787
3.67033335,0.014249045
3.703700017,0.011256418
3.737066684,0.012942916
3.770433351,0.01172215
3.803800018,0.01311877
3.837166684,0.012785145
3.870533351,0.015372336
3.903900018,0.015460217
3.937266685,0.018112358
3.970633352,0.011855906
4.004000019,0.012227354
4.037366685,0.012686711
4.070733352,0.012910627
4.104100019,0.014183324
4.137466686,0.014485422
4.170833353,0.014294314
4.20420002,0.010640809
4.237566686,0.010145677
4.270933353,0.010709926
4.30430002,0.01073966
4.337666687,0.00825703
4.371033354,0.009097601
4.40440002,0.008571564
4.437766687,0.010179958
4.471133354,0.010682111
4.504500021,0.009620987
4.537866688,0.008607738
4.571233355,0.012065959
4.604600021,0.012069091
4.637966688,0.012228983
4.671333355,0.012238116
4.704700022,0.011515966
4.738066689,0.012134173
4.771433355,0.012150406
4.804800022,0.01060835
4.838166689,0.00822984
4.871533356,0.008983078
4.904900023,0.009468918
4.93826669,0.0075046
4.971633356,0.008759119
5.005000023,0.009577897
5.03836669,0.010370072
5.071733357,0.013021335
5.105100024,0.010836023
5.138466691,0.011486102
5.171833357,0.010195884
5.205200024,0.010299491
5.238566691,0.011176484
5.271933358,0.011486896
5.305300025,0.011510217
5.338666691,0.011298833
5.372033358,0.011497764
5.405400025,0.012308887
5.438766692,0.01148162
5.472133359,0.008823455
5.505500026,0.01269671
5.538866692,0.010560702
5.572233359,0.011826343
5.605600026,0.011921705
5.638966693,0.010359859
5.67233336,0.008535318
5.705700026,0.009336417
5.739066693,0.009475787
5.77243336,0.008968782
5.805800027,0.009764057
5.839166694,0.009646422
5.872533361,0.011973306
5.905900027,0.01040029
5.939266694,0.009921709
5.972633361,0.00913425
6.006000028,0.01079868
6.039366695,0.010964391
6.072733362,0.011957898
6.106100028,0.014483604
6.139466695,0.011161726
6.172833362,0.011582947
6.206200029,0.010893609
6.239566696,0.011456849
6.272933362,0.012426974
6.306300029,0.010293972
6.339666696,0.013255699
6.373033363,0.010994989
6.40640003,0.012529041
6.439766697,0.013513584
6.473133363,0.009946925
6.50650003,0.010749983
6.539866697,0.010970728
6.573233364,0.012026329
6.606600031,0.010915853
6.639966697,0.012428092
6.673333364,0.010917448
6.706700031,0.01006152
6.740066698,0.010535288
6.773433365,0.010618879
6.806800032,0.010080409
6.840166698,0.00886451
6.873533365,0.011505803
6.906900032,0.009938677
6.940266699,0.009921755
6.973633366,0.008878846
7.007000033,0.011473326
7.040366699,0.015485091
7.073733366,0.016415399
7.107100033,0.016564692
7.1404667,0.013275423
7.173833367,0.013555888
7.207200033,0.013582296
7.2405667,0.013539858
7.273933367,0.014307888
7.307300034,0.011879515
7.340666701,0.012897827
7.374033368,0.011811739
7.407400034,0.012474115
7.440766701,0.012383305
7.474133368,0.010573128
7.507500035,0.012707436
7.540866702,0.014447983
7.574233368,0.014849033
7.607600035,0.013107188
7.640966702,0.013014459
7.674333369,0.01317744
7.707700036,0.014044733
7.741066703,0.013177547
7.774433369,0.016638061
7.807800036,0.01188516
7.841166703,0.011492962
7.87453337,0.0091636
7.907900037,0.01071885
7.941266704,0.011812287
7.97463337,0.011531895
8.008000037,0.010895839
8.041366704,0.01384125
8.074733371,0.011500385
8.108100038,0.013880787
8.141466704,0.012889303
8.174833371,0.012134817
8.208200038,0.013325086
8.241566705,0.012594339
8.274933372,0.013191427
8.308300039,0.012483408
8.341666705,0.009723091
8.375033372,0.011834224
8.408400039,0.00942914
8.441766706,0.008860544
8.475133373,0.009354356
8.508500039,0.009388445
8.541866706,0.010569047
8.575233373,0.007396672
8.60860004,0.008796027
8.641966707,0.008430375
8.675333374,0.00883924
8.70870004,0.007651769
8.742066707,0.009129746
8.775433374,0.010205492
8.808800041,0.009470716
8.842166708,0.01033966
8.875533375,0.010372855
8.908900041,0.010067534
8.942266708,0.009356315
8.975633375,0.008291906
9.009000042,0.007959105
9.042366709,0.010099035
9.075733375,0.009570067
9.109100042,0.010197284
9.142466709,0.010951395
9.175833376,0.007369964
9.209200043,0.006241528
9.24256671,0.008537262
9.275933376,0.009158779
9.309300043,0.00926534
9.34266671,0.009683041
9.376033377,0.007456647
9.409400044,0.011815965
9.44276671,0.011219364
9.476133377,0.010052518
9.509500044,0.009639434
9.542866711,0.009039417
9.576233378,0.007635329
9.609600045,0.009158598
9.642966711,0.009935183
9.676333378,0.007819652
9.709700045,0.007376648
9.743066712,0.006953144
9.776433379,0.00835875
9.809800046,0.008370091
9.843166712,0.009517083
9.876533379,0.008509116
9.909900046,0.008090932
9.943266713,0.00774649
9.97663338,0.007922293
10.01000005,0.007289596
10.04336671,0.008328947
10.07673338,0.007922867
10.11010005,0.007990398
10.14346671,0.008768804
10.17683338,0.007233737
10.21020005,0.008383308
10.24356671,0.00694059
10.27693338,0.007203488
10.31030005,0.005911549
10.34366671,0.006487095
10.37703338,0.008663821
10.41040005,0.007374892
10.44376672,0.006914407
10.47713338,0.00882745
10.51050005,0.006329481
10.54386672,0.004829152
10.57723338,0.008466898
10.61060005,0.009861996
10.64396672,0.009174935
10.67733338,0.010229058
10.71070005,0.00954885
10.74406672,0.01109443
10.77743338,0.010312337
10.81080005,0.010260579
10.84416672,0.009265868
10.87753338,0.007955171
10.91090005,0.008926652
10.94426672,0.00843307
10.97763338,0.008538882
11.01100005,0.009655549
11.04436672,0.012882633
11.07773338,0.012943842
11.11110005,0.014061858
11.14446672,0.012368559
11.17783339,0.010645826
11.21120005,0.010672034
11.24456672,0.00902098
11.27793339,0.009355498
11.31130005,0.008787563
11.34466672,0.006982382
11.37803339,0.01010706
11.41140005,0.007694873
11.44476672,0.009750909
11.47813339,0.009259327
11.51150005,0.009735997
11.54486672,0.011600816
11.57823339,0.010613578
11.61160005,0.011222451
11.64496672,0.010102202
11.67833339,0.011240324
11.71170005,0.010730368
11.74506672,0.011745784
11.77843339,0.014002284
11.81180005,0.013539838
11.84516672,0.011429419
11.87853339,0.011061365
11.91190006,0.009757191
11.94526672,0.01061109
11.97863339,0.009897693
12.01200006,0.010115509
12.04536672,0.010046341
12.07873339,0.008512384
12.11210006,0.008608015
12.14546672,0.008041825
12.17883339,0.009793661
12.21220006,0.008553403
12.24556672,0.008637068
12.27893339,0.010410505
12.31230006,0.011963517
12.34566672,0.012579034
12.37903339,0.009897147
12.41240006,0.012706906
12.44576672,0.012788851
12.47913339,0.012483121
12.51250006,0.009479766
12.54586672,0.012313293
12.57923339,0.010945947
12.61260006,0.009698354
12.64596673,0.009952942
12.67933339,0.010290521
12.71270006,0.008476525
12.74606673,0.009418312
12.77943339,0.011625526
12.81280006,0.007942977
12.84616673,0.009725419
12.87953339,0.008145252
12.91290006,0.009997311
12.94626673,0.010275748
12.97963339,0.008587472
13.01300006,0.010482852
13.04636673,0.010016631
13.07973339,0.011881671
13.11310006,0.012252871
13.14646673,0.011989294
13.17983339,0.01329857
13.21320006,0.010136403
13.24656673,0.009479445
13.27993339,0.008984121
13.31330006,0.009046728
13.34666673,0.008934332
13.3800334,0.008264984
13.41340006,0.010592157
13.44676673,0.009691259
13.4801334,0.008743865
13.51350006,0.011629814
13.54686673,0.011348459
13.5802334,0.011165365
13.61360006,0.011564922
13.64696673,0.012292007
13.6803334,0.012206221
13.71370006,0.011199398
13.74706673,0.011532112
13.7804334,0.011842757
13.81380006,0.009945313
13.84716673,0.009341814
13.8805334,0.008923132
13.91390006,0.009123958
13.94726673,0.008479105
13.9806334,0.009531124
14.01400007,0.010061052
14.04736673,0.010458497
14.0807334,0.013095578
14.11410007,0.013243681
14.14746673,0.013109922
14.1808334,0.013062609
14.21420007,0.012675596
14.24756673,0.012998966
14.2809334,0.01010773
14.31430007,0.011513679
14.34766673,0.009575178
14.3810334,0.01176789
14.41440007,0.011415535
14.44776673,0.010465122
14.4811334,0.011261637
14.51450007,0.010438001
14.54786673,0.011664167
14.5812334,0.011811991
14.61460007,0.012219389
14.64796673,0.009316943
14.6813334,0.012869029
14.71470007,0.017445432
14.74806674,0.016798311
14.7814334,0.015202945
14.81480007,0.012715328
14.84816674,0.011552274
14.8815334,0.012686115
14.91490007,0.013018659
14.94826674,0.011541202
14.9816334,0.010797477
15.01500007,0.011527768
15.04836674,0.010729009
15.0817334,0.011608396
15.11510007,0.011552508
15.14846674,0.011880824
15.1818334,0.010235577
15.21520007,0.009537012
15.24856674,0.009376386
15.2819334,0.008271261
15.31530007,0.009594431
15.34866674,0.009125581
15.3820334,0.010391259
15.41540007,0.010656564
15.44876674,0.009378477
15.48213341,0.008796902
15.51550007,0.009284437
15.54886674,0.010346857
15.58223341,0.010416836
15.61560007,0.011361225
15.64896674,0.011101052
15.68233341,0.011484503
15.71570007,0.010797307
15.74906674,0.011691774
15.78243341,0.010605879
15.81580007,0.009466615
15.84916674,0.011826479
15.88253341,0.011182534
15.91590007,0.01033318
15.94926674,0.009864851
15.98263341,0.008102334
16.01600007,0.0092948
16.04936674,0.009106666
16.08273341,0.010642357
16.11610007,0.009360704
16.14946674,0.010030473
16.18283341,0.010917199
16.21620008,0.009706671
16.24956674,0.009588145
16.28293341,0.009795373
16.31630008,0.009386469
16.34966674,0.008334005
16.38303341,0.009755543
16.41640008,0.01130142
16.44976674,0.009300353
16.48313341,0.009915897
16.51650008,0.011061943
16.54986674,0.011729329
16.58323341,0.015131064
16.61660008,0.013303767
16.64996674,0.013748541
16.68333341,0.012627872
16.71670008,0.009349083
16.75006674,0.009423066
16.78343341,0.009259148
16.81680008,0.010956034
16.85016674,0.010596013
16.88353341,0.012333745
16.91690008,0.008800096
16.95026675,0.008628468
16.98363341,0.009695676
17.01700008,0.008298888
17.05036675,0.009942404
17.08373341,0.010482423
17.11710008,0.010471915
17.15046675,0.00889637
17.18383341,0.009755267
17.21720008,0.008391874
17.25056675,0.01202764
17.28393341,0.013213351
17.31730008,0.012187391
17.35066675,0.012139737
17.38403341,0.012147778
17.41740008,0.010782837
17.45076675,0.011448666
17.48413341,0.010670617
17.51750008,0.010962241
17.55086675,0.010616997
17.58423341,0.01031044
17.61760008,0.009787805
17.65096675,0.011556919
17.68433342,0.010208862
17.71770008,0.011046397
17.75106675,0.011401776
17.78443342,0.01041712
17.81780008,0.010730617
17.85116675,0.012205058
17.88453342,0.011232888
17.91790008,0.012262933
17.95126675,0.011909492
17.98463342,0.014232786
18.01800008,0.012002721
18.05136675,0.013109434
18.08473342,0.011602102
18.11810008,0.010122611
18.15146675,0.011364735
18.18483342,0.010172654
18.21820008,0.011257681
18.25156675,0.012036864
18.28493342,0.013702596
18.31830009,0.015494957
18.35166675,0.012584719
18.38503342,0.010848875
18.41840009,0.011184026
18.45176675,0.011907394
18.48513342,0.010221437
18.51850009,0.011531518
18.55186675,0.01167629
18.58523342,0.009096436
18.61860009,0.008938007
18.65196675,0.010853161
18.68533342,0.008998666
18.71870009,0.007696279
18.75206675,0.008604972
18.78543342,0.009267881
18.81880009,0.008517054
18.85216675,0.009014815
18.88553342,0.009285556
18.91890009,0.010086829
18.95226675,0.008441641
18.98563342,0.010228714
19.01900009,0.011106263
19.05236676,0.011660175
19.08573342,0.013233142
19.11910009,0.011275772
19.15246676,0.01081984
19.18583342,0.010170442
19.21920009,0.011808069
19.25256676,0.012458383
19.28593342,0.010607583
19.31930009,0.009982724
19.35266676,0.010444064
19.38603342,0.011772942
19.41940009,0.010576342
19.45276676,0.008165022
19.48613342,0.005989829
19.51950009,0.01146432
19.55286676,0.010051843
19.58623342,0.012081165
19.61960009,0.012655994
19.65296676,0.011461237
19.68633342,0.011429046
19.71970009,0.012006502
19.75306676,0.011207805
19.78643343,0.012795574
19.81980009,0.011045536
19.85316676,0.0115972
19.88653343,0.012628883
19.91990009,0.01022964
19.95326676,0.011824974
19.98663343,0.008873478
20.02000009,0.01101129
20.05336676,0.010557329
20.08673343,0.011471855
20.12010009,0.01013443
20.15346676,0.012744203
20.18683343,0.010515633
20.22020009,0.00971086
20.25356676,0.010983364
20.28693343,0.009948643
20.32030009,0.009590143
20.35366676,0.011353777
20.38703343,0.012197308
20.42040009,0.010911551
20.45376676,0.010247519
20.48713343,0.010006369
20.5205001,0.009192211
20.55386676,0.010537371
20.58723343,0.010651246
20.6206001,0.010836401
20.65396676,0.012869215
20.68733343,0.012241558
20.7207001,0.011079431
20.75406676,0.014339598
20.78743343,0.014256405
20.8208001,0.013501689
20.85416676,0.013559565
20.88753343,0.014190119
20.9209001,0.013586663
20.95426676,0.015672351
20.98763343,0.014127079
21.0210001,0.011374994
21.05436676,0.012145179
21.08773343,0.009964754
21.1211001,0.009802362
21.15446676,0.011092931
21.18783343,0.011151368
21.2212001,0.012211696
21.25456677,0.01063302
21.28793343,0.011865908
21.3213001,0.00871117
21.35466677,0.010095433
21.38803343,0.009883671
21.4214001,0.010012963
21.45476677,0.009798003
21.48813343,0.010954466
21.5215001,0.012068615
21.55486677,0.010361766
21.58823343,0.012351242
21.6216001,0.011188052
21.65496677,0.010707464
21.68833343,0.014854616
21.7217001,0.014270214
21.75506677,0.010764271
21.78843343,0.011803426
21.8218001,0.011699558
21.85516677,0.012013429
21.88853343,0.010677842
21.9219001,0.009150652
21.95526677,0.010755029
21.98863344,0.009238873
22.0220001,0.009853855
22.05536677,0.009517959
22.08873344,0.009374514
22.1221001,0.008645507
22.15546677,0.010344458
22.18883344,0.008681316
22.2222001,0.00761994
22.25556677,0.009541979
22.28893344,0.00818307
22.3223001,0.008631396
22.35566677,0.00881488
22.38903344,0.007495894
22.4224001,0.009339944
22.45576677,0.010557092
22.48913344,0.011351848
22.5225001,0.010882664
22.55586677,0.00991828
22.58923344,0.009953951
22.6226001,0.010163763
22.65596677,0.009902845
22.68933344,0.012650264
22.72270011,0.012023445
22.75606677,0.011795882
22.78943344,0.009964096
22.82280011,0.009195824
22.85616677,0.00904353
22.88953344,0.009841591
22.92290011,0.00828942
22.95626677,0.008764871
22.98963344,0.008733654
23.02300011,0.010413621
23.05636677,0.010123248
23.08973344,0.010536142
23.12310011,0.01000026
23.15646677,0.010145407
23.18983344,0.011844657
23.22320011,0.011267119
23.25656677,0.010271275
23.28993344,0.011236464
23.32330011,0.010137344
23.35666678,0.010218018
23.39003344,0.010093615
23.42340011,0.008636396
23.45676678,0.009317325
23.49013344,0.009491619
23.52350011,0.011527906
23.55686678,0.010757792
23.59023344,0.013198769
23.62360011,0.010652326
23.65696678,0.011774648
23.69033344,0.011806933
23.72370011,0.01224847
23.75706678,0.012532016
23.79043344,0.012274552
23.82380011,0.010118104
23.85716678,0.010434965
23.89053344,0.009549347
23.92390011,0.010068749
23.95726678,0.009119968
23.99063344,0.008925713
24.02400011,0.009306533
24.05736678,0.009573683
24.09073345,0.010642232
24.12410011,0.011207567
24.15746678,0.011026355
24.19083345,0.011021054
24.22420011,0.009440271
24.25756678,0.010633884
24.29093345,0.010820408
24.32430011,0.010323092
24.35766678,0.011984386
24.39103345,0.01133025
24.42440011,0.010461142
24.45776678,0.01063859
24.49113345,0.010693789
24.52450011,0.009487097
24.55786678,0.009381939
24.59123345,0.010494728
24.62460011,0.010805528
24.65796678,0.01284294
24.69133345,0.011793183
24.72470011,0.007592348
24.75806678,0.009870727
24.79143345,0.010202878
24.82480012,0.011504228
24.85816678,0.011702495
24.89153345,0.00933163
24.92490012,0.008871551
24.95826678,0.008205817
24.99163345,0.006165576
25.02500012,0.009170942
25.05836678,0.010937731
25.09173345,0.013813434
25.12510012,0.011903252
25.15846678,0.011054083
25.19183345,0.013125765
25.22520012,0.013838805
25.25856678,0.01057672
25.29193345,0.011515569
25.32530012,0.011076885
25.35866678,0.010126742
25.39203345,0.009948276
25.42540012,0.010335527
25.45876678,0.011244901
25.49213345,0.009795405
25.52550012,0.008678918
25.55886679,0.008420117
25.59223345,0.009962531
25.62560012,0.009495388
25.65896679,0.00903285
25.69233345,0.008995315
25.72570012,0.008259658
25.75906679,0.007277289
25.79243345,0.007435535
25.82580012,0.008365793
25.85916679,0.008452249
25.89253345,0.006052818
25.92590012,0.006715543
25.95926679,0.009020553
25.99263345,0.010453847
26.02600012,0.012046333
26.05936679,0.012089122
26.09273345,0.014353467
26.12610012,0.012419964
26.15946679,0.013039146
26.19283345,0.014015539
26.22620012,0.012550791
26.25956679,0.012294521
26.29293346,0.01342384
26.32630012,0.011839457
26.35966679,0.012763039
26.39303346,0.012220356
26.42640012,0.010738225
26.45976679,0.009660111
26.49313346,0.012046802
26.52650012,0.011352227
26.55986679,0.012536441
26.59323346,0.010378657
26.62660012,0.010141912
26.65996679,0.011381645
26.69333346,0.010574871
26.72670012,0.01283633
26.76006679,0.012517338
26.79343346,0.011234852
26.82680012,0.010589031
26.86016679,0.010339881
26.89353346,0.010364965
26.92690012,0.01166222
26.96026679,0.009668805
26.99363346,0.011548744
27.02700013,0.009353832
27.06036679,0.00959335
27.09373346,0.009044291
27.12710013,0.01013989
27.16046679,0.009369505
27.19383346,0.009731324
27.22720013,0.012381392
27.26056679,0.012700375
27.29393346,0.01320898
27.32730013,0.01170059
27.36066679,0.011040646
27.39403346,0.010720653
27.42740013,0.010542604
27.46076679,0.009960849
27.49413346,0.010100464
27.52750013,0.009283214
27.56086679,0.010273423
27.59423346,0.011509052
27.62760013,0.009010277
27.6609668,0.011584377
27.69433346,0.008032623
27.72770013,0.008601409
27.7610668,0.009390187
27.79443346,0.009492176
27.82780013,0.01066217
27.8611668,0.012509641
27.89453346,0.013961601
27.92790013,0.012620143
27.9612668,0.010987635
27.99463346,0.015707935
28.02800013,0.01156413
28.0613668,0.011606604
28.09473346,0.01162886
28.12810013,0.011400827
28.1614668,0.010165462
28.19483346,0.009950485
28.22820013,0.010471458
28.2615668,0.01009894
28.29493346,0.009499882
28.32830013,0.010831449
28.3616668,0.012504787
28.39503347,0.011352731
28.42840013,0.012436096
28.4617668,0.010036401
28.49513347,0.009072794
28.52850013,0.01368293
28.5618668,0.012657632
28.59523347,0.012706525
28.62860013,0.013717651
28.6619668,0.01404344
28.69533347,0.012614471
28.72870013,0.015065344
28.7620668,0.013239275
28.79543347,0.013540637
28.82880013,0.012091665
28.8621668,0.013262952
28.89553347,0.011439462
28.92890013,0.012378222
28.9622668,0.011916021
28.99563347,0.015093659
29.02900013,0.012060486
29.0623668,0.011381217
29.09573347,0.012824552
29.12910014,0.013930018
29.1624668,0.013601682
29.19583347,0.013517832
29.22920014,0.011534314
29.2625668,0.012133837
29.29593347,0.011409049
29.32930014,0.010795734
29.3626668,0.010167189
29.39603347,0.011197526
29.42940014,0.010522871
29.4627668,0.010677639
29.49613347,0.009122813
29.52950014,0.009657285
29.5628668,0.009163403
29.59623347,0.011332392
29.62960014,0.006015194
29.6629668,0.00716506
29.69633347,0.001988388
29.72970014,0.000566768
29.7630668,0.000450696
29.79643347,-0.000725178
29.82980014,-0.000406474
29.86316681,-0.000753898
29.89653347,0.000291927
29.92990014,0.003583835
29.96326681,0.006834731
29.99663347,0.007560226
30.03000014,0.008813753
30.06336681,0.00925734
30.09673347,0.011761345
30.13010014,0.011350389
30.16346681,0.010837543
30.19683347,0.009297202
30.23020014,0.0100823
30.26356681,0.008934371
30.29693347,0.011953956
30.33030014,0.012012215
30.36366681,0.011731504
30.39703347,0.010396522
30.43040014,0.010723182
30.46376681,0.008079991
30.49713347,0.009847281
30.53050014,0.008990207
30.56386681,0.008752058
30.59723348,0.007947022
30.63060014,0.009522699
30.66396681,0.009181542
30.69733348,0.009649626
30.73070014,0.009312428
30.76406681,0.010883114
30.79743348,0.010512388
30.83080014,0.010394462
30.86416681,0.009832903
30.89753348,0.011296669
30.93090014,0.011259084
30.96426681,0.008285867
30.99763348,0.010022885
31.03100014,0.011570345
31.06436681,0.011830545
31.09773348,0.012799716
31.13110014,0.012224078
31.16446681,0.011071667
31.19783348,0.009986241
31.23120014,0.009979833
31.26456681,0.009994791
31.29793348,0.011178268
31.33130015,0.010956364
31.36466681,0.010155558
31.39803348,0.010941514
31.43140015,0.009845914
31.46476681,0.011105729
31.49813348,0.009043702
31.53150015,0.011218847
31.56486681,0.012208991
31.59823348,0.011404967
31.63160015,0.011136762
31.66496681,0.010716537
31.69833348,0.012122228
31.73170015,0.010854442
31.76506681,0.01072373
31.79843348,0.011541366
31.83180015,0.01097505
31.86516681,0.011645965
31.89853348,0.013420906
31.93190015,0.011788098
31.96526682,0.012065677
31.99863348,0.013241194
32.03200015,0.011526855
32.06536682,0.010559777
32.09873348,0.011617726
32.13210015,0.011357147
32.16546682,0.009393724
32.19883348,0.00951459
32.23220015,0.010530111
32.26556682,0.008549821
32.29893348,0.007333349
32.33230015,0.00998919
32.36566682,0.008396806
32.39903348,0.007608379
32.43240015,0.007190075
32.46576682,0.007403895
32.49913348,0.009417445
32.53250015,0.00665499
32.56586682,0.008994461
32.59923348,0.011861556
32.63260015,0.008364228
32.66596682,0.014747418
32.69933349,0.014615983
32.73270015,0.014960937
32.76606682,0.015610457
32.79943349,0.014205608
32.83280015,0.014633008
32.86616682,0.01625977
32.89953349,0.012987649
32.93290015,0.012087998
32.96626682,0.008633818
32.99963349,0.009664681
33.03300015,0.005826262
33.06636682,0.001510712
33.09973349,0.001295499
33.13310015,-0.000368128
33.16646682,-0.000568357
33.19983349,0.000594217
33.23320015,-0.000574311
33.26656682,0.001093109
33.29993349,0.006480755
33.33330015,0.006453335
33.36666682,0.010123733
33.40003349,0.012325154
33.43340016,0.010301159
33.46676682,0.014320611
33.50013349,0.015078116
33.53350016,0.016359159
33.56686682,0.017384442
33.60023349,0.021890365
33.63360016,0.01793872
33.66696682,0.017276218
33.70033349,0.01941323
33.73370016,0.01486173
33.76706682,0.01222298
33.80043349,0.013462718
33.83380016,0.010125438
33.86716682,0.010063281
33.90053349,0.009224641
33.93390016,0.010216429
33.96726682,0.010509906
34.00063349,0.010613869
34.03400016,0.00899149
34.06736682,0.008746369
34.10073349,0.008556778
34.13410016,0.010399253
34.16746683,0.009970255
34.20083349,0.011047123
34.23420016,0.011195549
34.26756683,0.010761031
34.30093349,0.009747743
34.33430016,0.011652454
34.36766683,0.01109767
34.40103349,0.012039127
34.43440016,0.012015818
34.46776683,0.014792418
34.50113349,0.014567087
34.53450016,0.015406885
34.56786683,0.017849381
34.60123349,0.016262991
34.63460016,0.015914836
34.66796683,0.014415598
34.70133349,0.011683218
34.73470016,0.012429978
34.76806683,0.012361077
34.80143349,0.012538276
34.83480016,0.010721499
34.86816683,0.011441046
34.9015335,0.008325358
34.93490016,0.008369647
34.96826683,0.008938881
35.0016335,0.008962756
35.03500016,0.01075835
35.06836683,0.009919893
35.1017335,0.009305845
35.13510016,0.011310765
35.16846683,0.014453392
35.2018335,0.013627431
35.23520016,0.015383271
35.26856683,0.013005828
35.3019335,0.016050439
35.33530016,0.015279193
35.36866683,0.01316392
35.4020335,0.012536784
35.43540016,0.012796721
35.46876683,0.012438046
35.5021335,0.010281914
35.53550016,0.009204112
35.56886683,0.007834471
35.6022335,0.01084777
35.63560017,0.008618405
35.66896683,0.009748134
35.7023335,0.007131445
35.73570017,0.009936963
35.76906683,0.010847459
35.8024335,0.00912894
35.83580017,0.009404142
35.86916683,0.010727503
35.9025335,0.008015038
35.93590017,0.009586548
35.96926683,0.006481788
36.0026335,0.00994899
36.03600017,0.008777872
36.06936683,0.005759454
36.1027335,0.006493792
36.13610017,0.010797688
36.16946683,0.007556091
36.2028335,0.013483239
36.23620017,0.015144189
36.26956684,0.01511612
36.3029335,0.014350828
36.33630017,0.014710858
36.36966684,0.014389928
36.4030335,0.01276892
36.43640017,0.011528776
36.46976684,0.011607191
36.5031335,0.010187826
36.53650017,0.009366531
36.56986684,0.009681532
36.6032335,0.007513108
36.63660017,0.007876239
36.66996684,0.006444002
36.7033335,0.009491865
36.73670017,0.009693532
36.77006684,0.008967271
36.8034335,0.0067389
36.83680017,0.010142046
36.87016684,0.007105496
36.9035335,0.00987588
36.93690017,0.010880688
36.97026684,0.013518868
37.00363351,0.012533657
37.03700017,0.013229097
37.07036684,0.013555146
37.10373351,0.011061808
37.13710017,0.011626997
37.17046684,0.0106761
37.20383351,0.00762865
37.23720017,0.004231003
37.27056684,0.004841124
37.30393351,0.00377008
37.33730017,0.004043169
37.37066684,0.006546749
37.40403351,0.00600389
37.43740017,0.009384597
37.47076684,0.010922996
37.50413351,0.025398386
37.53750017,0.064542617
37.57086684,0.154318615
37.60423351,0.363018463
37.63760017,0.740419439
37.67096684,1.248033643
37.70433351,1.918117379
37.73770018,2.704040594
37.77106684,3.561646647
37.80443351,4.477127632
37.83780018,5.477096943
37.87116684,6.178679421
37.90453351,6.837163611
37.93790018,7.171528386
37.97126684,7.338667076
38.00463351,7.287169897
38.03800018,7.082385765
38.07136684,6.767933962
38.10473351,6.332204485
38.13810018,5.839386322
38.17146684,5.225818068
38.20483351,4.495953567
38.23820018,3.764394543
38.27156684,3.059127369
38.30493351,2.512468892
38.33830018,2.150788765
38.37166684,2.023368743
38.40503351,2.084518081
38.43840018,2.292378247
38.47176685,2.554411001
38.50513351,2.83551202
38.53850018,3.089530015
38.57186685,3.37512994
38.60523351,3.690973058
38.63860018,4.038177291
38.67196685,4.34979576
38.70533351,4.627243672
38.73870018,4.815271515
38.77206685,4.895904272
38.80543351,4.869000326
38.83880018,4.779333429
38.87216685,4.662662124
38.90553351,4.560715314
38.93890018,4.478307275
38.97226685,4.381949032
39.00563351,4.251986716
39.03900018,4.089337355
39.07236685,3.880425062
39.10573351,3.67911891
39.13910018,3.500815629
39.17246685,3.396153324
39.20583352,3.380384994
39.23920018,3.402338147
39.27256685,3.472414895
39.30593352,3.536919612
39.33930018,3.581885188
39.37266685,3.610421536
39.40603352,3.636548855
39.43940018,3.680471532
39.47276685,3.75668271
39.50613352,3.846560829
39.53950018,3.945439569
39.57286685,4.020023048
39.60623352,4.051494136
39.63960018,4.06928847
39.67296685,4.058826641
39.70633352,4.05067234
39.73970018,4.067702801
39.77306685,4.101943073
39.80643352,4.145462543
39.83980018,4.174067856
39.87316685,4.157887104
39.90653352,4.109519731
39.93990019,4.036993401
39.97326685,3.957524769
40.00663352,3.892633058
40.04000019,3.858963831
40.07336685,3.831633923
40.10673352,3.802181362
40.14010019,3.730155069
40.17346685,3.642793767
40.20683352,3.562470788
40.24020019,3.494528666
40.27356685,3.473387873
40.30693352,3.525316627
40.34030019,3.625312886
40.37366685,3.761294936
40.40703352,3.881880403
40.44040019,3.987759189
40.47376685,4.046413501
40.50713352,4.054867316
40.54050019,4.03605394
40.57386685,4.016520947
40.60723352,4.003104068
40.64060019,3.989427398
40.67396686,3.972541277
40.70733352,3.947969195
40.74070019,3.921838769
40.77406686,3.874550909
40.80743352,3.836219755
40.84080019,3.827220856
40.87416686,3.830882598
40.90753352,3.83322801
40.94090019,3.830525669
40.97426686,3.823804873
41.00763352,3.816841207
41.04100019,3.804170269
41.07436686,3.795104758
41.10773352,3.808377011
41.14110019,3.817663779
41.17446686,3.849803783
41.20783352,3.852156465
41.24120019,3.853279691
41.27456686,3.815376185
41.30793353,3.773416175
41.34130019,3.712535746
41.37466686,3.667442522
41.40803353,3.649415603
41.44140019,3.655673282
41.47476686,3.67898287
41.50813353,3.740415398
41.54150019,3.795687538
41.57486686,3.842989754
41.60823353,3.882812727
41.64160019,3.896046899
41.67496686,3.90663221
41.70833353,3.916661888
41.74170019,3.917861226
41.77506686,3.915812379
41.80843353,3.916815232
41.84180019,3.887954413
41.87516686,3.857408417
41.90853353,3.815280192
41.94190019,3.769045118
41.97526686,3.753954532
42.00863353,3.750465746
42.0420002,3.754673201
42.07536686,3.780446688
42.10873353,3.793672099
42.1421002,3.829962241
42.17546686,3.886789475
42.20883353,3.966247866
42.2422002,4.064373842
42.27556686,4.184201689
42.30893353,4.26700657
42.3423002,4.319791521
42.37566686,4.32928947
42.40903353,4.267727045
42.4424002,4.169578635
42.47576686,4.039855689
42.50913353,3.886677086
42.5425002,3.767884209
42.57586686,3.663870534
42.60923353,3.576788947
42.6426002,3.511565047
42.67596686,3.463666506
42.70933353,3.423853919
42.7427002,3.411554573
42.77606687,3.444142729
42.80943353,3.51484575
42.8428002,3.626870624
42.87616687,3.750111707
42.90953353,3.891663936
42.9429002,4.017601419
42.97626687,4.110295462
43.00963353,4.186521909
43.0430002,4.208844957
43.07636687,4.198388435
43.10973353,4.151834862
43.1431002,4.059603247
43.17646687,3.957681298
43.20983353,3.846919308
43.2432002,3.765840577
43.27656687,3.697270412
43.30993353,3.653896853
43.3433002,3.641028599
43.37666687,3.650135415
43.41003353,3.671238841
43.4434002,3.700746407
43.47676687,3.739111263
43.51013354,3.777006139
43.5435002,3.807511425
43.57686687,3.82232445
43.61023354,3.837630091
43.6436002,3.849607751
43.67696687,3.864280391
43.71033354,3.884324889
43.7437002,3.901336968
43.77706687,3.908784789
43.81043354,3.921585711
43.8438002,3.933939134
43.87716687,3.952167126
43.91053354,3.959450847
43.9439002,3.960329262
43.97726687,3.943980983
44.01063354,3.900645523
44.0440002,3.833457748
44.07736687,3.754088625
44.11073354,3.660487884
44.1441002,3.579366898
44.17746687,3.523272279
44.21083354,3.499569968
44.24420021,3.502576098
44.27756687,3.546280885
44.31093354,3.61587673
44.34430021,3.701996552
44.37766687,3.788446896
44.41103354,3.870198957
44.44440021,3.960529353
44.47776687,4.045687426
44.51113354,4.124171199
44.54450021,4.193415531
44.57786687,4.230022205
44.61123354,4.235249266
44.64460021,4.214478775
44.67796687,4.153000357
44.71133354,4.068744021
44.74470021,3.983557062
44.77806687,3.896057375
44.81143354,3.824236028
44.84480021,3.767006892
44.87816687,3.704384668
44.91153354,3.669544004
44.94490021,3.6488631
44.97826688,3.626173755
45.01163354,3.620043771
45.04500021,3.6163972
45.07836688,3.615298703
45.11173354,3.62841014
45.14510021,3.656912329
45.17846688,3.693448118
45.21183354,3.744232321
45.24520021,3.800170658
45.27856688,3.86291678
45.31193354,3.929934185
45.34530021,4.007948018
45.37866688,4.068531485
45.41203354,4.116500255
45.44540021,4.139242582
45.47876688,4.127324843
45.51213354,4.097828417
45.54550021,4.042043501
45.57886688,3.980491128
45.61223355,3.927299027
45.64560021,3.865781961
45.67896688,3.813620886
45.71233355,3.773014836
45.74570021,3.734130504
45.77906688,3.69974024
45.81243355,3.69118786
45.84580021,3.69100691
45.87916688,3.727499382
45.91253355,3.790592703
45.94590021,3.860435143
45.97926688,3.932857263
46.01263355,3.992013292
46.04600021,4.032534147
46.07936688,4.041740182
46.11273355,4.035074821
46.14610021,4.014648449
46.17946688,3.988498229
46.21283355,3.962050699
46.24620021,3.934244896
46.27956688,3.910243967
46.31293355,3.881162185
46.34630022,3.845566114
46.37966688,3.797265879
46.41303355,3.744012815
46.44640022,3.694213863
46.47976688,3.660309891
46.51313355,3.622044538
46.54650022,3.620154939
46.57986688,3.655449853
46.61323355,3.71034868
46.64660022,3.796291178
46.67996688,3.894965428
46.71333355,3.990080424
46.74670022,4.060368479
46.78006688,4.121506339
46.81343355,4.146691713
46.84680022,4.154609855
46.88016688,4.147962748
46.91353355,4.088745448
46.94690022,4.007487756
46.98026688,3.928500095
47.01363355,3.83525416
47.04700022,3.773894355
47.08036689,3.715367766
47.11373355,3.672400818
47.14710022,3.656097002
47.18046689,3.659846011
47.21383355,3.664742216
47.24720022,3.675925796
47.28056689,3.677859562
47.31393355,3.672521843
47.34730022,3.660087106
47.38066689,3.654403836
47.41403355,3.654535308
47.44740022,3.601044207
47.48076689,3.376652678
47.51413355,2.962940194
47.54750022,2.382819976
47.58086689,1.67420783
47.61423355,0.830941754
47.64760022,-0.055008542
47.68096689,-1.011191482
47.71433355,-1.910154202
47.74770022,-2.805707441
47.78106689,-3.532917976
47.81443356,-4.128864457
47.84780022,-4.518171434
47.88116689,-4.668622968
47.91453356,-4.531702652
47.94790022,-4.130927734
47.98126689,-3.438345163
48.01463356,-2.55405308
48.04800022,-1.486014875
48.08136689,-0.272119431
48.11473356,0.790679049
48.14810022,1.933574418
48.18146689,2.794136339
48.21483356,3.528021938
48.24820022,4.049013181
48.28156689,4.332851357
48.31493356,4.380901585
48.34830022,4.146875246
48.38166689,3.668788451
48.41503356,2.94049653
48.44840022,2.045413544
48.48176689,0.93621358
48.51513356,-0.054980772
48.54850023,-1.178845997
48.58186689,-2.177810959
48.61523356,-2.959705771
48.64860023,-3.609202834
48.68196689,-3.983655787
48.71533356,-4.111406816
48.74870023,-3.966784824
48.78206689,-3.541802034
48.81543356,-2.918547625
48.84880023,-2.103973022
48.88216689,-1.216731936
48.91553356,-0.303000287
48.94890023,0.594773259
48.98226689,1.365506787
49.01563356,1.986948135
49.04900023,2.459903244
49.08236689,2.790287119
49.11573356,2.943587075
49.14910023,2.923768323
49.18246689,2.744132674
49.21583356,2.402090752
49.24920023,1.929570414
49.2825669,1.343161095
49.31593356,0.698907627
49.34930023,0.015498155
49.3826669,-0.671230299
49.41603356,-1.281021792
49.44940023,-1.831171099
49.4827669,-2.253881126
49.51613356,-2.528519252
49.54950023,-2.65858497
49.5828669,-2.625061409
49.61623356,-2.417501544
49.64960023,-2.060874094
49.6829669,-1.581393556
49.71633356,-1.011949544
49.74970023,-0.387978332
49.7830669,0.209684042
49.81643356,0.762355504
49.84980023,1.255571063
49.8831669,1.651201736
49.91653357,1.946340704
49.94990023,2.116862064
49.9832669,2.169963924
50.01663357,2.085657451
50.05000023,1.867670361
50.0833669,1.507197843
50.11673357,1.07576003
50.15010023,0.597996985
50.1834669,0.05645504
50.21683357,-0.462918382
50.25020023,-0.946066885
50.2835669,-1.35877033
50.31693357,-1.68434928
50.35030023,-1.894465568
50.3836669,-1.997585822
50.41703357,-1.968905936
50.45040023,-1.801986486
50.4837669,-1.529505862
50.51713357,-1.155036956
50.55050023,-0.731257894
50.5838669,-0.260215099
50.61723357,0.172792443
50.65060024,0.591304609
50.6839669,0.950300313
50.71733357,1.240745956
50.75070024,1.44645675
50.7840669,1.567511322
50.81743357,1.601306179
50.85080024,1.524008773
50.8841669,1.354644652
50.91753357,1.108452954
50.95090024,0.786980097
50.9842669,0.417009368
51.01763357,0.035095795
51.05100024,-0.336445061
51.0843669,-0.690933901
51.11773357,-0.977467246
51.15110024,-1.213729192
51.1844669,-1.380773662
51.21783357,-1.45148763
51.25120024,-1.435912912
51.2845669,-1.326957276
51.31793357,-1.139495402
51.35130024,-0.873019788
51.38466691,-0.564950206
51.41803357,-0.236006456
51.45140024,0.10876563
51.48476691,0.406261722
51.51813357,0.682899109
51.55150024,0.903781865
51.58486691,1.067984961
51.61823357,1.163291297
51.65160024,1.187843518
51.68496691,1.142672401
51.71833357,1.021375802
51.75170024,0.834309177
51.78506691,0.585720394
51.81843357,0.311133059
51.85180024,0.023840183
51.88516691,-0.258311927
51.91853357,-0.516987211
51.95190024,-0.739750359
51.98526691,-0.91458225
52.01863357,-1.029019626
52.05200024,-1.088742172
52.08536691,-1.078188982
52.11873358,-0.994679009
52.15210024,-0.859766079
52.18546691,-0.658870172
52.21883358,-0.42025489
52.25220024,-0.170263502
52.28556691,0.06804564
52.31893358,0.30569234
52.35230024,0.502505906
52.38566691,0.674684853
52.41903358,0.78846007
52.45240024,0.866886518
52.48576691,0.89303234
52.51913358,0.84339092
52.55250024,0.755392574
52.58586691,0.619968515
52.61923358,0.43391809
52.65260024,0.232228531
52.68596691,0.016474653
52.71933358,-0.190471443
52.75270024,-0.374704347
52.78606691,-0.545459255
52.81943358,-0.669089032
52.85280025,-0.759700138
52.88616691,-0.804291188
52.91953358,-0.805620838
52.95290025,-0.742019141
52.98626691,-0.639516381
53.01963358,-0.497279848
53.05300025,-0.322743508
53.08636691,-0.137310696
53.11973358,0.046351344
53.15310025,0.215850349
53.18646691,0.368964474
53.21983358,0.493663074
53.25320025,0.585624542
53.28656691,0.638341149
53.31993358,0.659693303
53.35330025,0.630522029
53.38666691,0.559361658
53.42003358,0.453192784
53.45340025,0.322938816
53.48676691,0.171747706
53.52013358,0.005849235
53.55350025,-0.150655032
53.58686692,-0.289174379
53.62023358,-0.415410079
53.65360025,-0.504574699
53.68696692,-0.570912788
53.72033358,-0.600609472
53.75370025,-0.599309179
53.78706692,-0.556420883
53.82043358,-0.478591001
53.85380025,-0.373695059
53.88716692,-0.245045223
53.92053358,-0.108673993
53.95390025,0.032498581
53.98726692,0.158989866
54.02063358,0.270493558
54.05400025,0.359933156
54.08736692,0.422788171
54.12073358,0.47109355
54.15410025,0.478881143
54.18746692,0.467066037
54.22083358,0.413398087
54.25420025,0.335644449
54.28756692,0.238440254
54.32093359,0.121730346
54.35430025,0.010410877
54.38766692,-0.109123928
54.42103359,-0.217098973
54.45440025,-0.311658839
54.48776692,-0.38059269
54.52113359,-0.419559151
54.55450025,-0.450280424
54.58786692,-0.452562261
54.62123359,-0.419388473
54.65460025,-0.364577064
54.68796692,-0.284226
54.72133359,-0.184249135
54.75470025,-0.082116839
54.78806692,0.019139417
54.82143359,0.115242485
54.85480025,0.202806886
54.88816692,0.270841962
54.92153359,0.318632797
54.95490026,0.348569925
54.98826692,0.35778814
55.02163359,0.34615807
55.05500026,0.311323468
55.08836692,0.248193938
55.12173359,0.178848649
55.15510026,0.092079173
55.18846692,0.000338721
55.22183359,-0.08814385
55.25520026,-0.16287861
55.28856692,-0.226913867
55.32193359,-0.281786178
55.35530026,-0.317180727
55.38866692,-0.335481523
55.42203359,-0.33711211
55.45540026,-0.318611624
55.48876692,-0.274981954
55.52213359,-0.220081039
55.55550026,-0.151586362
55.58886692,-0.076508785
55.62223359,0.000875611
55.65560026,0.074680294
55.68896693,0.136176659
55.72233359,0.191118047
55.75570026,0.226906531
55.78906693,0.252453987
55.82243359,0.256555842
55.85580026,0.252863384
55.88916693,0.223983701
55.92253359,0.177016186
55.95590026,0.126787662
55.98926693,0.062130334
56.02263359,-0.001017558
56.05600026,-0.070065569
56.08936693,-0.130462314
56.12273359,-0.177684948
56.15610026,-0.215332893
56.18946693,-0.244185401
56.22283359,-0.263676643
56.25620026,-0.262441767
56.28956693,-0.249730455
56.32293359,-0.212432051
56.35630026,-0.170366459
56.38966693,-0.11215565
56.4230336,-0.059671351
56.45640026,-0.002345104
56.48976693,0.05322625
56.5231336,0.104543961
56.55650026,0.14150048
56.58986693,0.168915435
56.6232336,0.185039018
56.65660026,0.193661684
56.68996693,0.184333206
56.7233336,0.166238673
56.75670026,0.144248337
56.79006693,0.094691563
56.8234336,0.044297441
56.85680026,-0.003594921
56.89016693,-0.051396095
56.9235336,-0.094652071
56.95690026,-0.126551717
56.99026693,-0.156084968
57.0236336,-0.185341964
57.05700026,-0.187604926
57.09036693,-0.192539003
57.1237336,-0.180356984
57.15710027,-0.153434494
57.19046693,-0.125711282
57.2238336,-0.089795795
57.25720027,-0.042888028
57.29056693,-0.005103482
57.3239336,0.033191923
57.35730027,0.071494441
57.39066693,0.093497257
57.4240336,0.121729056
57.45740027,0.134180284
57.49076693,0.136201712
57.5241336,0.133457062
57.55750027,0.120737955
57.59086693,0.099842963
57.6242336,0.073311562
57.65760027,0.03161526
57.69096693,-0.007537186
57.7243336,-0.043452127
57.75770027,-0.075076256
57.79106693,-0.113215626
57.8244336,-0.126863011
57.85780027,-0.142060193
57.89116694,-0.145550968
57.9245336,-0.146686707
57.95790027,-0.140985556
57.99126694,-0.124610574
58.0246336,-0.108481979
58.05800027,-0.070234748
58.09136694,-0.040924284
58.1247336,-0.009519204
58.15810027,0.015804826
58.19146694,0.046493704
58.2248336,0.067454906
58.25820027,0.085869242
58.29156694,0.094940825
58.3249336,0.096001152
58.35830027,0.095393614
58.39166694,0.084303066
58.4250336,0.064027843
58.45840027,0.041425627
58.49176694,0.014851912
58.5251336,-0.008543507
58.55850027,-0.038342665
58.59186694,-0.062427238
58.62523361,-0.080304526
58.65860027,-0.099028489
58.69196694,-0.109955329
58.72533361,-0.121618546
58.75870027,-0.11452744
58.79206694,-0.106645726
58.82543361,-0.094572293
58.85880027,-0.076265401
58.89216694,-0.057512792
58.92553361,-0.029366909
58.95890027,-0.005612312
58.99226694,0.011410319
59.02563361,0.033353812
59.05900027,0.047826149
59.09236694,0.059324577
59.12573361,0.06706257
59.15910027,0.071010621
59.19246694,0.06936453
59.22583361,0.064883201
59.25920028,0.051688594
59.29256694,0.032991214
59.32593361,0.017172317
59.35930028,-0.004771289
59.39266694,-0.030846702
59.42603361,-0.045365948
59.45940028,-0.060047373
59.49276694,-0.073895574
59.52613361,-0.080371423
59.55950028,-0.093234257
59.59286694,-0.089215963
59.62623361,-0.090347509
59.65960028,-0.076730995
59.69296694,-0.064513629
59.72633361,-0.046763908
59.75970028,-0.034728952
59.79306694,-0.012214058
59.82643361,0.001678744
59.85980028,0.021407019
59.89316694,0.031342732
59.92653361,0.041208892
59.95990028,0.044252304
59.99326695,0.047395618
60.02663361,0.045690506
60.06000028,0.041031253
60.09336695,0.028112138
60.12673361,0.015451928
60.16010028,0.001924304
60.19346695,-0.01019608
60.22683361,-0.019432186
60.26020028,-0.040478933
60.29356695,-0.056482638
60.32693361,-0.061058482
60.36030028,-0.066989938
60.39366695,-0.072219684
60.42703361,-0.072516059
60.46040028,-0.069667208
60.49376695,-0.061463601
60.52713361,-0.052149007
60.56050028,-0.042559986
60.59386695,-0.028425834
60.62723361,-0.012037695
60.66060028,-4.87E-05
60.69396695,0.008583901
60.72733362,0.0165553
60.76070028,0.024426611
60.79406695,0.027764224
60.82743362,0.026397109
60.86080028,0.029966475
60.89416695,0.021528115
60.92753362,0.022793514
60.96090028,0.014253635
60.99426695,0.000778705
61.02763362,-0.007441459
61.06100028,-0.021919768
61.09436695,-0.034006443
61.12773362,-0.043111842
61.16110028,-0.043748794
61.19446695,-0.048885698
61.22783362,-0.05242517
61.26120028,-0.054767673
61.29456695,-0.052364399
61.32793362,-0.047190101
61.36130028,-0.0448747
61.39466695,-0.037847197
61.42803362,-0.025084906
61.46140029,-0.020601128
61.49476695,-0.01155364
61.52813362,-0.002236272
61.56150029,0.0078813
61.59486695,0.012988093
61.62823362,0.015480886
61.66160029,0.015517619
61.69496695,0.016420234
61.72833362,0.014211971
61.76170029,0.009848269
61.79506695,0.001535957
61.82843362,-0.007173568
61.86180029,-0.01115486
61.89516695,-0.018018217
61.92853362,-0.024592348
61.96190029,-0.036052111
61.99526695,-0.043064419
62.02863362,-0.039620215
62.06200029,-0.04628909
62.09536695,-0.047047332
62.12873362,-0.049770107
62.16210029,-0.044420059
62.19546696,-0.043176783
62.22883362,-0.039404477
62.26220029,-0.02903315
62.29556696,-0.023472967
62.32893362,-0.017837577
62.36230029,-0.012697046
62.39566696,-0.010699781
62.42903362,-0.005861242
62.46240029,-0.003163669
62.49576696,0.001596327
62.52913362,0.001072911
62.56250029,0.002623939
62.59586696,-0.001554131
62.62923362,-0.004097991
62.66260029,-0.009776281
62.69596696,-0.015004602
62.72933362,-0.015893322
62.76270029,-0.027909436
62.79606696,-0.031189563
62.82943362,-0.034904007
62.86280029,-0.038278931
62.89616696,-0.038858961
62.92953363,-0.039709264
62.96290029,-0.040783351
62.99626696,-0.03749943
63.02963363,-0.032706498
63.06300029,-0.023898904
63.09636696,-0.016941557
63.12973363,-0.017212262
63.16310029,-0.012158771
63.19646696,-0.012408819
63.22983363,-0.004775253
63.26320029,-0.005055319
63.29656696,-0.002891609
63.32993363,-0.003652911
63.36330029,-0.001230336
63.39666696,-0.002414745
63.43003363,-0.004446662
63.46340029,-0.009503161
63.49676696,-0.00789037
63.53013363,-0.016073199
63.5635003,-0.01840212
63.59686696,-0.024241584
63.63023363,-0.026918986
63.6636003,-0.032608631
63.69696696,-0.031307488
63.73033363,-0.035007936
63.7637003,-0.034971992
63.79706696,-0.03807989
63.83043363,-0.033517104
63.8638003,-0.031148042
63.89716696,-0.028322983
63.93053363,-0.023003934
63.9639003,-0.022138668
63.99726696,-0.017008008
64.03063363,-0.017697167
64.0640003,-0.010723813
64.09736696,-0.009921731
64.13073363,-0.005880228
64.1641003,-0.00410929
64.19746696,-0.004111438
64.23083363,-0.006621064
64.2642003,-0.010180574
64.29756697,-0.011158306
64.33093363,-0.011560499
64.3643003,-0.015960441
64.39766697,-0.018864914
64.43103363,-0.025042951
64.4644003,-0.030811184
64.49776697,-0.029936548
64.53113363,-0.03145898
64.5645003,-0.031703141
64.59786697,-0.036884979
64.63123363,-0.034924083
64.6646003,-0.03270509
64.69796697,-0.03208532
64.73133363,-0.028931574
64.7647003,-0.023244134
64.79806697,-0.018395735
64.83143363,-0.01209189
64.8648003,-0.009876659
64.89816697,-0.011327891
64.93153363,-0.00953271
64.9649003,-0.008439492
64.99826697,-0.007391233
65.03163364,-0.006598078
65.0650003,-0.006933732
65.09836697,-0.009876415
65.13173364,-0.01157684
65.1651003,-0.013423219
65.19846697,-0.015970722
65.23183364,-0.015132204
65.2652003,-0.017224051
65.29856697,-0.018520687
65.33193364,-0.020397918
65.3653003,-0.020744656
65.39866697,-0.021562134
65.43203364,-0.025348773
65.4654003,-0.021910853
65.49876697,-0.022218941
65.53213364,-0.017030676
65.5655003,-0.01598706
65.59886697,-0.014620658
65.63223364,-0.012879994
65.6656003,-0.014114448
65.69896697,-0.011773822
65.73233364,-0.007264546
65.76570031,-0.009021766
65.79906697,-0.009180304
65.83243364,-0.010284718
65.86580031,-0.010705735
65.89916697,-0.011693429
65.93253364,-0.009267559
65.96590031,-0.006927711
65.99926697,-0.007873846
66.03263364,-0.012492673
66.06600031,-0.014463839
66.09936697,-0.016849643
66.13273364,-0.015420226
66.16610031,-0.018266072
66.19946697,-0.020821976
66.23283364,-0.026739702
66.26620031,-0.026597041
66.29956697,-0.026786712
66.33293364,-0.024298985
66.36630031,-0.022568062
66.39966697,-0.022350116
66.43303364,-0.02117873
66.46640031,-0.01791179
66.49976698,-0.015279827
66.53313364,-0.015196312
66.56650031,-0.013228339
66.59986698,-0.012873051
66.63323364,-0.013356471
66.66660031,-0.011816869
66.69996698,-0.010144763
66.73333364,-0.009833872
66.76670031,-0.01000396
66.80006698,-0.011527268
66.83343364,-0.011409044
66.86680031,-0.013148
66.90016698,-0.017361687
66.93353364,-0.015337271
66.96690031,-0.019460592
67.00026698,-0.017476049
67.03363364,-0.018363782
67.06700031,-0.018322307
67.10036698,-0.019644071
67.13373364,-0.024875249
67.16710031,-0.02463359
67.20046698,-0.022999439
67.23383365,-0.025807392
67.26720031,-0.021509608
67.30056698,-0.019265658
67.33393365,-0.022572414
67.36730031,-0.019120124
67.40066698,-0.018108124
67.43403365,-0.017273379
67.46740031,-0.018078314
67.50076698,-0.017900283
67.53413365,-0.014797745
67.56750031,-0.010776416
67.60086698,-0.01103363
67.63423365,-0.00890829
67.66760031,-0.011679207
67.70096698,-0.01322838
67.73433365,-0.012920078
67.76770031,-0.012365853
67.80106698,-0.013813624
67.83443365,-0.01794952
67.86780031,-0.014760327
67.90116698,-0.015094818
67.93453365,-0.012946401
67.96790032,-0.017060509
68.00126698,-0.014111885
68.03463365,-0.012991993
68.06800032,-0.015694739
68.10136698,-0.01721122
68.13473365,-0.018449652
68.16810032,-0.021097699
68.20146698,-0.019114518
68.23483365,-0.015990891
68.26820032,-0.012343
68.30156698,-0.010752154
68.33493365,-0.009102368
68.36830032,-0.00848076
68.40166698,-0.007747519
68.43503365,-0.012038948
68.46840032,-0.006424367
68.50176698,-0.008527631
68.53513365,-0.009084282
68.56850032,-0.016893621
68.60186699,-0.018226848
68.63523365,-0.019429549
68.66860032,-0.017412482
68.70196699,-0.017193557
68.73533365,-0.021485706
68.76870032,-0.017556471
68.80206699,-0.017851228
68.83543365,-0.014690892
68.86880032,-0.0128868
68.90216699,-0.012781965
68.93553365,-0.011850278
68.96890032,-0.011665996
69.00226699,-0.009123529
69.03563365,-0.009916268
69.06900032,-0.00861488
69.10236699,-0.010008747
69.13573365,-0.00971653
69.16910032,-0.010395834
69.20246699,-0.01140203
69.23583365,-0.012479385
69.26920032,-0.010159145
69.30256699,-0.008742501
69.33593366,-0.011970555
69.36930032,-0.012895704
69.40266699,-0.012709078
69.43603366,-0.01402934
69.46940032,-0.015428081
69.50276699,-0.013791855
69.53613366,-0.013582121
69.56950032,-0.016973811
69.60286699,-0.020819627
69.63623366,-0.019921258
69.66960032,-0.023870976
69.70296699,-0.022159152
69.73633366,-0.022013122
69.76970032,-0.023649825
69.80306699,-0.024165785
69.83643366,-0.01990417
69.86980032,-0.019271109
69.90316699,-0.017630372
69.93653366,-0.015061561
69.96990032,-0.013315165
70.00326699,-0.013263729
70.03663366,-0.012087519
70.07000033,-0.012573206
70.10336699,-0.01241219
70.13673366,-0.010845199
70.17010033,-0.011074401
70.20346699,-0.012505275
70.23683366,-0.009871919
70.27020033,-0.012196404
70.30356699,-0.014722534
70.33693366,-0.010547493
70.37030033,-0.018018184
70.40366699,-0.016494244
70.43703366,-0.016758029
70.47040033,-0.020129897
70.50376699,-0.020812265
70.53713366,-0.017746609
70.57050033,-0.018414992
70.60386699,-0.020016632
70.63723366,-0.018688791
70.67060033,-0.020139934
70.70396699,-0.020681651
70.73733366,-0.017846285
70.77070033,-0.018111434
70.804067,-0.018893315
70.83743366,-0.019552152
70.87080033,-0.017392726
70.904167,-0.019271796
70.93753366,-0.019481196
70.97090033,-0.021181261
71.004267,-0.020079561
71.03763366,-0.020224119
71.07100033,-0.019281722
71.104367,-0.020252768
71.13773366,-0.019088799
71.17110033,-0.019457246
71.204467,-0.01765516
71.23783366,-0.014185476
71.27120033,-0.012885213
71.304567,-0.010222303
71.33793366,-0.010894641
71.37130033,-0.01072306
71.404667,-0.013551689
71.43803366,-0.010820046
71.47140033,-0.012347725
71.504767,-0.010017737
71.53813367,-0.014230044
71.57150033,-0.017960458
71.604867,-0.018646665
71.63823367,-0.020379896
71.67160033,-0.021290737
71.704967,-0.021932642
71.73833367,-0.020458984
71.77170033,-0.020729219
71.805067,-0.024155667
71.83843367,-0.018617716
71.87180033,-0.022106709
71.905167,-0.019487434
71.93853367,-0.014628409
71.97190033,-0.015057159
72.005267,-0.017211754
72.03863367,-0.013198672
72.07200033,-0.016738174
72.105367,-0.016364465
72.13873367,-0.017989921
72.17210033,-0.017054526
72.205467,-0.017729666
72.23883367,-0.019265187
72.27220034,-0.018415155
72.305567,-0.018336659
72.33893367,-0.020621322
72.37230034,-0.022824554
72.405667,-0.019895883
72.43903367,-0.018147452
72.47240034,-0.018741044
72.505767,-0.017955318
72.53913367,-0.018110529
72.57250034,-0.020458789
72.605867,-0.02209647
72.63923367,-0.020812682
72.67260034,-0.019821112
72.705967,-0.022963055
72.73933367,-0.02336677
72.77270034,-0.023697595
72.806067,-0.021349178
72.83943367,-0.016773362
72.87280034,-0.020140302
72.90616701,-0.018302711
72.93953367,-0.01868821
72.97290034,-0.016869614
73.00626701,-0.01621252
73.03963367,-0.012448521
73.07300034,-0.014857447
73.10636701,-0.013326144
73.13973367,-0.014147667
73.17310034,-0.015892505
73.20646701,-0.013020026
73.23983367,-0.013880758
73.27320034,-0.015404238
73.30656701,-0.016038006
73.33993367,-0.014989328
73.37330034,-0.016053272
73.40666701,-0.017334358
73.44003367,-0.019719036
73.47340034,-0.017685907
73.50676701,-0.017225035
73.54013367,-0.018471668
73.57350034,-0.017033589
73.60686701,-0.018741814
73.64023368,-0.017443431
73.67360034,-0.015491955
73.70696701,-0.018237419
73.74033368,-0.011398239
73.77370034,-0.013590305
73.80706701,-0.012375989
73.84043368,-0.011751153
73.87380034,-0.015948754
73.90716701,-0.015113438
73.94053368,-0.014358297
73.97390034,-0.014656612
74.00726701,-0.015676258
74.04063368,-0.01672413
74.07400034,-0.016379901
74.10736701,-0.016954798
74.14073368,-0.017267663
74.17410034,-0.020488406
74.20746701,-0.020689633
74.24083368,-0.019140737
74.27420034,-0.01971721
74.30756701,-0.019107502
74.34093368,-0.023357602
74.37430035,-0.021534401
74.40766701,-0.022715831
74.44103368,-0.025088677
74.47440035,-0.023056268
74.50776701,-0.022319879
74.54113368,-0.018575274
74.57450035,-0.013132129
74.60786701,-0.013968562
74.64123368,-0.013725621
74.67460035,-0.01511237
74.70796701,-0.014286063
74.74133368,-0.012978127
74.77470035,-0.01150058
74.80806701,-0.013399466
74.84143368,-0.012356248
74.87480035,-0.013713779
74.90816701,-0.013346964
74.94153368,-0.011665765
74.97490035,-0.012862742
75.00826701,-0.014025362
75.04163368,-0.012798469
75.07500035,-0.01941433
75.10836702,-0.018980654
75.14173368,-0.023272197
75.17510035,-0.024152773
75.20846702,-0.023076815
75.24183368,-0.023267035
75.27520035,-0.02141404
75.30856702,-0.020992935
75.34193368,-0.02078529
75.37530035,-0.01977391
75.40866702,-0.019713281
75.44203368,-0.016597163
75.47540035,-0.019135234
75.50876702,-0.020372659
75.54213368,-0.018876582
75.57550035,-0.014896468
75.60886702,-0.015139246
75.64223368,-0.01245206
75.67560035,-0.013221348
75.70896702,-0.013720835
75.74233368,-0.011308804
75.77570035,-0.012830289
75.80906702,-0.012192847
75.84243369,-0.013753598
75.87580035,-0.011422703
75.90916702,-0.009177081
75.94253369,-0.01092975
75.97590035,-0.012620806
76.00926702,-0.013244475
76.04263369,-0.011010478
76.07600035,-0.013923368
76.10936702,-0.01575737
76.14273369,-0.015426562
76.17610035,-0.014823164
76.20946702,-0.016168462
76.24283369,-0.013488918
76.27620035,-0.015353174
76.30956702,-0.014069454
76.34293369,-0.013837021
76.37630035,-0.014130967
76.40966702,-0.014777242
76.44303369,-0.016211454
76.47640035,-0.016462847
76.50976702,-0.019666511
76.54313369,-0.019830964
76.57650036,-0.017565425
76.60986702,-0.015559316
76.64323369,-0.015022794
76.67660036,-0.014717375
76.70996702,-0.014859536
76.74333369,-0.013276906
76.77670036,-0.013054312
76.81006702,-0.019209789
76.84343369,-0.013280287
76.87680036,-0.014685508
76.91016702,-0.018587178
76.94353369,-0.019451354
76.97690036,-0.018090224
77.01026702,-0.020265212
77.04363369,-0.020624153
77.07700036,-0.021622022
77.11036702,-0.024525362
77.14373369,-0.025102041
77.17710036,-0.026941847
77.21046703,-0.024190753
77.24383369,-0.02322929
77.27720036,-0.020664669
77.31056703,-0.02317507
77.34393369,-0.024896356
77.37730036,-0.027453557
77.41066703,-0.02674231
77.44403369,-0.029566833
77.47740036,-0.028448602
77.51076703,-0.027686768
77.54413369,-0.024859877
77.57750036,-0.024411023
77.61086703,-0.022511437
77.64423369,-0.024162033
77.67760036,-0.021810918
77.71096703,-0.01866798
77.74433369,-0.019909703
77.77770036,-0.020565407
77.81106703,-0.022020063
77.84443369,-0.021871775
77.87780036,-0.021634864
77.91116703,-0.023030567
77.9445337,-0.022834018
77.97790036,-0.021118074
78.01126703,-0.021385982
78.0446337,-0.018641637
78.07800036,-0.019049121
78.11136703,-0.015406803
78.1447337,-0.016270856
78.17810036,-0.016785765
78.21146703,-0.020471474
78.2448337,-0.019323163
78.27820036,-0.01709867
78.31156703,-0.01949567
78.3449337,-0.017123348
78.37830036,-0.010905223
78.41166703,-0.012055227
78.4450337,-0.01158579
78.47840036,-0.021841799
78.51176703,-0.020767356
78.5451337,-0.029045422
78.57850036,-0.028542673
78.61186703,-0.023051133
78.6452337,-0.006685221
78.67860037,-0.01077619
78.71196703,-0.005173702
78.7453337,-0.009214799
78.77870037,-0.008457303
78.81206703,-0.008627507
78.8454337,-0.008531739
78.87880037,-0.006592258
78.91216703,-0.005109905
78.9455337,-0.004885561
78.97890037,-0.00153351
79.01226703,0.016350332
79.0456337,0.04231661