0.02406687828891,-0.000596117610209207
0.05743354511044,-0.00302718123162238
0.09080021193197,-0.00126307678077653
0.1241668787535,0.000907132449059443
0.15753354557503,-0.00216407779766345
0.19090021239656,-0.00151566078677949
0.22426687921808,-0.00368801321940982
0.25763354603961,-0.00592610701130367
0.29100021286114,-0.00459493323147109
0.32436687968267,-0.00436465134794129
0.3577335465042,-0.00405365351503798
0.39110021332573,-0.00208355590004729
0.42446688014726,-0.00350447693542106
0.45783354696878,-0.00437154748337932
0.49120021379031,-0.00586284799270231
0.52456688061184,-0.00513740042757182
0.55793354743337,-0.00528552063643237
0.5913002142549,-0.00581666639859439
0.62466688107643,-0.00510657778940658
0.65803354789796,-0.00548483092935219
0.69140021471948,-0.00816934358100827
0.72476688154101,-0.00922778474470762
0.75813354836254,-0.00936637718945646
0.79150021518407,-0.00964678547296743
0.8248668820056,-0.00972058744355519
0.85823354882713,-0.00815800797482682
0.89160021564866,-0.00788967987012499
0.92496688247018,-0.00714548525634725
0.95833354929171,-0.00552380908188656
0.99170021611324,-0.00747631716604781
1.02506688293477,-0.00560250775398825
1.0584335497563,-0.00462073870116776
1.09180021657783,-0.00239348936878256
1.12516688339936,-0.000130814615552811
1.15853355022088,0.00277349222916604
1.19190021704241,0.00346912898689367
1.22526688386394,0.0027998732796476
1.25863355068547,0.00214315676427764
1.292000217507,0.00295251519492614
1.32536688432853,0.0040149532656824
1.35873355115006,0.00467931622379282
1.39210021797158,0.00475639252876523
1.42546688479311,0.00471669206972921
1.45883355161464,0.00452719779590043
1.49220021843617,0.00416452268563527
1.5255668852577,0.00348781154143706
1.55893355207923,0.00441380784081962
1.59230021890075,0.00306056114604816
1.62566688572228,0.00322356732568023
1.65903355254381,0.0048105203409586
1.69240021936534,0.00384270053121544
1.72576688618687,0.00250122699018982
1.7591335530084,0.00213450038717138
1.79250021982993,0.00272412848435306
1.82586688665145,0.00263252630934559
1.85923355347298,0.00355340494798643
1.89260022029451,0.00432916648371786
1.92596688711604,0.00617062168731773
1.95933355393757,0.00701515536128117
1.9927002207591,0.0077090614068616
2.02606688758063,0.00471512681115374
2.05943355440215,0.00316172763996959
2.09280022122368,0.00498824007471639
2.12616688804521,0.00359218709987385
2.15953355486674,0.00316705140535634
2.19290022168827,0.00447396252840973
2.2262668885098,0.00405425820036456
2.25963355533133,0.00342190348863973
2.29300022215285,0.00223907842453756
2.32636688897438,0.00354379196754026
2.35973355579591,0.00317108825522178
2.39310022261744,0.00484589576977775
2.42646688943897,0.00402673786467527
2.4598335562605,0.00560951077879323
2.49320022308203,0.00605605529783494
2.52656688990355,0.00267985296860606
2.55993355672508,0.00245773822653601
2.59330022354661,0.00143733298052914
2.62666689036814,0.00105338629336446
2.66003355718967,0.00239245829987587
2.6934002240112,0.00221676308251371
2.72676689083273,0.00157748442352572
2.76013355765425,0.00134034577981932
2.79350022447578,0.000287881950954425
2.82686689129731,0.00150062885142247
2.86023355811884,0.00275980358543115
2.89360022494037,0.00306924555379072
2.9269668917619,0.00403969048058258
2.96033355858343,0.00501191377971093
2.99370022540495,0.0051691987071698
3.02706689222648,0.00484474271037176
3.06043355904801,0.00513633275702421
3.09380022586954,0.00378209393617729
3.12716689269107,0.00479087102447958
3.1605335595126,0.00490306192669522
3.19390022633412,0.00497563798013077
3.22726689315565,0.00416292327308434
3.26063355997718,0.00430791474323146
3.29400022679871,0.00305206825749845
3.32736689362024,0.00365595867482885
3.36073356044177,0.0037675852718997
3.3941002272633,0.0031537530054184
3.42746689408482,0.00309392257921256
3.46083356090635,0.00426095401535093
3.49420022772788,0.00469942668661908
3.52756689454941,0.00341660143064244
3.56093356137094,0.00333808193013611
3.59430022819247,0.00320048101213325
3.627666895014,0.00462739208066438
3.66103356183552,0.00423974739883755
3.69440022865705,0.00521638487846289
3.72776689547858,0.00518035270410566
3.76113356230011,0.00575385916406358
3.79450022912164,0.00383997150591877
3.82786689594317,0.00351501013217923
3.8612335627647,0.00339604758009538
3.89460022958622,0.0042097794059925
3.92796689640775,0.00323366352546989
3.96133356322928,0.00364367052978677
3.99470023005081,0.00252218148374491
4.02806689687234,0.00196361632489769
4.06143356369387,0.00224089670322248
4.0948002305154,0.00258785099449941
4.12816689733692,0.00280522254559236
4.16153356415845,0.00242297366325956
4.19490023097998,0.00271337737100941
4.22826689780151,0.00381453323264609
4.26163356462304,0.00331528841212527
4.29500023144457,0.00193127269588622
4.3283668982661,0.00348558580284753
4.36173356508762,0.00286351588456687
4.39510023190915,0.00315793904723633
4.42846689873068,0.00392389940818329
4.46183356555221,0.00337938390634142
4.49520023237374,0.00269575641372539
4.52856689919527,0.00338381100908556
4.56193356601679,0.00373953841259671
4.59530023283832,0.00383197705432895
4.62866689965985,0.00327408373901823
4.66203356648138,0.00306653599675284
4.69540023330291,0.00517704935785209
4.72876690012444,0.00419905280469119
4.76213356694597,0.00444838546774336
4.79550023376749,0.00443046970897077
4.82886690058902,0.00264673451466689
4.86223356741055,0.00218595967936917
4.89560023423208,0.00129686285747142
4.92896690105361,0.00131716404219114
4.96233356787514,0.00233664897769475
4.99570023469667,0.00210452204535861
5.02906690151819,0.00223463735646672
5.06243356833972,0.00197317838156115
5.09580023516125,0.00317265615386911
5.12916690198278,0.00184898457475923
5.16253356880431,0.0018841054725382
5.19590023562584,0.00216683918395939
5.22926690244737,0.00296591977522772
5.26263356926889,0.00246204077824763
5.29600023609042,0.00217818037490688
5.32936690291195,0.00290723124054457
5.36273356973348,0.00337841864799356
5.39610023655501,0.00280994834770129
5.42946690337654,0.00444923061803013
5.46283357019807,0.00433322925673884
5.49620023701959,0.00389484507404737
5.52956690384112,0.0035819421143523
5.56293357066265,0.00282679162712225
5.59630023748418,0.00288536242705668
5.62966690430571,6.27355123037869e-05
5.66303357112724,-0.000239165814097137
5.69640023794877,0.000380112297338381
5.72976690477029,0.00118134537779877
5.76313357159182,0.000552770599776377
5.79650023841335,0.00147787375792309
5.82986690523488,0.00185684713416411
5.86323357205641,0.000586866596067523
5.89660023887794,0.000470885555617707
5.92996690569947,0.000894513688796067
5.96333357252099,0.00287244389096001
5.99670023934252,0.00439383692910319
6.03006690616405,0.00462668614729008
6.06343357298558,0.0053102755231174
6.09680023980711,0.00506864635622138
6.13016690662864,0.00305290277254685
6.16353357345017,0.00279479156447105
6.19690024027169,0.003265826500208
6.23026690709322,0.00285701412067465
6.26363357391475,0.002655442587055
6.29700024073628,0.0038011393870808
6.33036690755781,0.00184380738561315
6.36373357437934,0.00151277846512855
6.39710024120087,0.00152597377887687
6.43046690802239,0.000867247186089175
6.46383357484392,0.00101684340846562
6.49720024166545,0.00156914419229067
6.53056690848698,0.00160518859359104
6.56393357530851,0.00198749413966115
6.59730024213004,0.00233189230737669
6.63066690895157,0.000679417794452942
6.66403357577309,4.42432708362517e-05
6.69740024259462,-0.000672010320844959
6.73076690941615,-0.000707567672223725
6.76413357623768,-0.00100292556185562
6.79750024305921,-0.00141792993340056
6.83086690988074,-0.000928404260520929
6.86423357670226,-0.000905397261627042
6.89760024352379,-0.000471464531040743
6.93096691034532,-0.00111255971828036
6.96433357716685,-0.000261764274964245
6.99770024398838,0.00210013257242178
7.03106691080991,0.00284321976283576
7.06443357763144,0.00383146324767478
7.09780024445296,0.00437918113762263
7.13116691127449,0.00483375023664506
7.16453357809602,0.00446965362698533
7.19790024491755,0.00422827632635391
7.23126691173908,0.00451877258449013
7.26463357856061,0.00449582387020237
7.29800024538213,0.00346082256029479
7.33136691220366,0.00198104950342849
7.36473357902519,0.00205994954281841
7.39810024584672,0.00116754202648719
7.43146691266825,0.000935731681510147
7.46483357948978,-0.000127027684700804
7.49820024631131,0.00219617736196776
7.53156691313284,0.00257518982015248
7.56493357995436,0.0017554601775205
7.59830024677589,0.00217525605171121
7.63166691359742,0.00124622146426736
7.66503358041895,0.00201513770665319
7.69840024724048,0.00107991999797716
7.73176691406201,0.00301713845292019
7.76513358088353,0.00200263732021828
7.79850024770506,0.00311019507004126
7.83186691452659,0.00174943323708603
7.86523358134812,0.00147400406342362
7.89860024816965,0.00230682949712568
7.93196691499118,0.00216311442463769
7.96533358181271,0.00192637069151538
7.99870024863424,0.00218351841830537
8.03206691545576,0.000938772336502413
8.06543358227729,0.00223944652111251
8.09880024909882,0.00130984157352424
8.13216691592035,0.000800247066675618
8.16553358274188,0.000660058186636296
8.19890024956341,-0.000252872412634138
8.23226691638493,0.00123682409948886
8.26563358320646,0.000463243198947799
8.29900025002799,-0.000116575165648976
8.33236691684952,0.000262698290254005
8.36573358367105,-9.0563934911257e-05
8.39910025049258,-9.59277043642298e-05
8.43246691731411,0.000161786138604727
8.46583358413563,0.000185663311388668
8.49920025095716,0.000431717832511125
8.53256691777869,0.000847034506284304
8.56593358460022,0.000931901117733521
8.59930025142175,0.0011292824134757
8.63266691824328,0.000107411952351095
8.66603358506481,0.000142322357974236
8.69940025188633,-0.000525625977790736
8.73276691870786,0.00026188084800576
8.76613358552939,-1.37827824127993e-05
8.79950025235092,0.000896717297122942
8.83286691917245,0.00223540606266701
8.86623358599398,0.00138159680421337
8.89960025281551,0.00261777449414168
8.93296691963703,0.00142322774888958
8.9663335864586,0.00199697894677212
8.9997002532801,0.00376479758422281
9.0330669201016,0.00318535831886149
9.0664335869231,0.00302088397993154
9.0998002537447,0.00165176456155897
9.1331669205662,0.000397135544659915
9.1665335873877,-9.16723056416935e-07
9.1999002542093,-0.000224757550666952
9.2332669210308,-0.00098690028137622
9.2666335878523,-0.000507487635033076
9.3000002546738,2.84762023407192e-05
9.3333669214954,-0.00103341517203538
9.3667335883169,-0.000899113903031095
9.4001002551384,-0.000401056210240147
9.43346692196,0.000667668858542552
9.4668335887815,0.00190153876227009
9.500200255603,0.00184056709505947
9.5335669224245,0.00169718141553303
9.5669335892461,0.0043729186772743
9.6003002560676,0.0048324715614442
9.6336669228891,0.00336724735997947
9.6670335897107,0.00236038354465851
9.7004002565322,0.00135768870336323
9.7337669233537,0.00101131650942067
9.7671335901752,0.00128536733518004
9.8005002569968,0.000727954699691682
9.8338669238183,0.00086910208378371
9.8672335906398,0.000969671258480187
9.9006002574614,5.09078545492191e-05
9.9339669242829,-0.000290189635754088
9.9673335911044,-0.000347823338511956
10.0007002579259,-0.000144998018976648
10.0340669247475,0.000700251589325131
10.067433591569,0.000619573613548946
10.1008002583905,0.00121581508793622
10.1341669252121,0.00175480518540826
10.1675335920336,0.00196207916992964
10.2009002588551,0.0009956322249881
10.2342669256766,0.000716734142200287
10.2676335924982,0.000715481814224581
10.3010002593197,0.000353841254524459
10.3343669261412,0.000988603000993147
10.3677335929628,0.000287224779496996
10.4011002597843,0.00127279831471946
10.4344669266058,0.00164589461858894
10.4678335934273,0.000244796850199919
10.5012002602489,-0.000165032214885271
10.5345669270704,0.00106564292898134
10.5679335938919,0.00239237842759558
10.6013002607135,0.0016588873376166
10.634666927535,0.00235697107831728
10.6680335943565,0.00251592075389901
10.701400261178,0.0037282915818629
10.7347669279996,0.00394441596640756
10.7681335948211,0.0040405600740663
10.8015002616426,0.00321198220454147
10.8348669284642,0.00288323225568534
10.8682335952857,0.00239933989067589
10.9016002621072,0.00206307401937513
10.9349669289287,0.000565208544211351
10.9683335957503,0.000922943844665289
11.0017002625718,0.000417595593640646
11.0350669293933,0.0023638172959883
11.0684335962149,0.00246397838491007
11.1018002630364,0.00250433806249386
11.1351669298579,0.00086101297407947
11.1685335966794,0.00242489196766207
11.201900263501,0.00222875249768841
11.2352669303225,0.00312686616543507
11.268633597144,0.00178364067383539
11.3020002639656,0.0031829727203682
11.3353669307871,0.00409532284655706
11.3687335976086,0.0027238550068468
11.4021002644301,0.00303814058156505
11.4354669312517,0.00296935627603367
11.4688335980732,0.00255141867761787
11.5022002648947,0.00203104341090924
11.5355669317163,0.00061970109909777
11.5689335985378,0.000749174919122443
11.6023002653593,0.000879081801809562
11.6356669321808,0.00165213296817453
11.6690335990024,0.00167365384446126
11.7024002658239,-5.16759614998763e-05
11.7357669326454,0.00105544322682085
11.769133599467,0.00226622461726892
11.8025002662885,0.000961667961826102
11.83586693311,0.00156560929576482
11.8692335999315,0.00252726714048999
11.9026002667531,0.00313851470579263
11.9359669335746,0.00325723689330019
11.9693336003961,0.00391770341101791
12.0027002672177,0.00365998880479503
12.0360669340392,0.00221345090676631
12.0694336008607,0.00152745223324018
12.1028002676822,0.00237982863684788
12.1361669345038,0.00325085027153002
12.1695336013253,0.00152865473248686
12.2029002681468,0.00237566827806443
12.2362669349684,0.00284342097370375
12.2696336017899,0.00181568400821523
12.3030002686114,0.00144669492179155
12.3363669354329,0.00110312030496405
12.3697336022545,0.00175491818362776
12.403100269076,0.00204935777323227
12.4364669358975,0.00136798569460651
12.4698336027191,-4.37984504548794e-05
12.5032002695406,0.00272411555265202
12.5365669363621,0.00177850042748573
12.5699336031836,-0.000158866306380492
12.6033002700052,0.00115222002270969
12.6366669368267,0.00133762538769518
12.6700336036482,0.000986375187728257
12.7034002704698,0.000376418604223565
12.7367669372913,0.000738799806742369
12.7701336041128,-5.31273469910806e-06
12.8035002709343,-0.00112866687035514
12.8368669377559,-0.00180245236850682
12.8702336045774,-0.000184161564156703
12.9036002713989,0.000776468012746005
12.9369669382205,9.90030885678309e-05
12.970333605042,0.000613882936508333
13.0037002718635,2.9036221796699e-05
13.037066938685,0.000584164953388184
13.0704336055066,-0.000872764908770488
13.1038002723281,0.00217428138158387
13.1371669391496,0.00226029415397284
13.1705336059712,0.00166726596932684
13.2039002727927,0.00184407213894359
13.2372669396142,0.000630007787053767
13.2706336064357,-3.03061753446665e-05
13.3040002732573,0.000272398977527822
13.3373669400788,-0.00044475254804392
13.3707336069003,0.000299531731825665
13.4041002737219,0.000668220328587779
13.4374669405434,-0.000133851491247975
13.4708336073649,0.000674418118056027
13.5042002741864,-0.000706376677229662
13.537566941008,-0.000217459948982707
13.5709336078295,-0.000542279427535389
13.604300274651,-0.000270502625485544
13.6376669414726,0.0016861368298505
13.6710336082941,0.0022958081257692
13.7044002751156,0.00330467090339992
13.7377669419371,0.00237463471864634
13.7711336087587,0.000779967917848252
13.8045002755802,0.00142890649734206
13.8378669424017,0.00103860769040513
13.8712336092233,0.00112681059772326
13.9046002760448,0.00166454481642017
13.9379669428663,0.00266172334879323
13.9713336096878,0.00216898047835776
14.0047002765094,0.0016546702833965
14.0380669433309,0.00230803321468263
14.0714336101524,0.00133249749224252
14.104800276974,0.00119596354582759
14.1381669437955,0.0018791891356895
14.171533610617,0.00236602424596548
14.2049002774385,0.00270428953229295
14.2382669442601,0.00116142509336849
14.2716336110816,0.00234894746753198
14.3050002779031,0.000760109489745344
14.3383669447247,0.00225557959392446
14.3717336115462,0.00269375441890893
14.4051002783677,0.0032093416257293
14.4384669451892,0.00306410009522033
14.4718336120108,0.00319973734484695
14.5052002788323,0.00365134003677835
14.5385669456538,0.002459626389459
14.5719336124754,0.00138867773627098
14.6053002792969,0.000637521230364207
14.6386669461184,0.00136100513282388
14.6720336129399,0.00371855944651773
14.7054002797615,0.00321259519113481
14.738766946583,0.00341136402127822
14.7721336134045,0.00252292439409731
14.8055002802261,0.00217752627318047
14.8388669470476,0.00136964438932717
14.8722336138691,0.00149413453230854
14.9056002806906,0.00280496405959067
14.9389669475122,0.00225076883472765
14.9723336143337,0.00293800193875211
15.0057002811552,0.00331335857985224
15.0390669479768,0.00160469866147766
15.0724336147983,0.00126469041616653
15.1058002816198,0.00153657516378543
15.1391669484413,-0.000770242836890925
15.1725336152629,-0.000341880842402971
15.2059002820844,-0.000529112348170335
15.2392669489059,-0.0008849932855295
15.2726336157275,-0.000568724079532363
15.306000282549,-0.00239836318639925
15.3393669493705,-0.00141225774796669
15.372733616192,-0.00142262906455052
15.4061002830136,-0.00223353765987844
15.4394669498351,-0.000965141891076377
15.4728336166566,-0.000965723807200603
15.5062002834782,-0.00105336060300201
15.5395669502997,-0.000182157334825338
15.5729336171212,-0.000120642758311522
15.6063002839427,-0.000352800950812314
15.6396669507643,0.00140048539468497
15.6730336175858,0.000460372736148363
15.7064002844073,0.00155294440967704
15.7397669512289,0.00151377603377512
15.7731336180504,6.37317251121171e-05
15.8065002848719,0.00125655989602405
15.8398669516934,0.00104081543683422
15.873233618515,0.00139872722577547
15.9066002853365,-0.00012669251262437
15.939966952158,0.0011687296699357
15.9733336189796,0.00119871977134041
16.0067002858011,0.000580634149305954
16.0400669526226,-0.000189638631460303
16.0734336194441,-0.000891863785073004
16.1068002862657,-0.000960675311088112
16.1401669530872,-0.00033238451077082
16.1735336199087,-0.0026900338667773
16.2069002867303,-0.00186950817202387
16.2402669535518,-0.00285933338429437
16.2736336203733,-0.00437357536510883
16.3070002871948,-0.00495433003748763
16.3403669540164,-0.00507269685049559
16.3737336208379,-0.00473764339941491
16.4071002876594,-0.00523641028133406
16.440466954481,-0.00418193784616957
16.4738336213025,-0.00210667281063819
16.507200288124,-0.00236576238141247
16.5405669549455,0.000765285364711291
16.5739336217671,0.00120149426099622
16.6073002885886,0.0014163190236725
16.6406669554101,0.00103083472893584
16.6740336222317,0.0014878336634063
16.7074002890532,0.00202374148568563
16.7407669558747,0.00254629561203528
16.7741336226962,0.00318355720561626
16.8075002895178,0.00242538243800696
16.8408669563393,0.00350237602537139
16.8742336231608,0.00271805166237748
16.9076002899824,0.00106142771663212
16.9409669568039,0.000828544972105978
16.9743336236254,0.00110289108712928
17.0077002904469,0.00050359146451258
17.0410669572685,0.000381888820908373
17.07443362409,-0.000527577344807792
17.1078002909115,-0.00198625514930871
17.1411669577331,-0.000806293569960935
17.1745336245546,-0.00218951347677764
17.2079002913761,-0.000637315531675113
17.2412669581976,1.9937210678224e-05
17.2746336250192,0.000793371934101047
17.3080002918407,0.000285806070765069
17.3413669586622,-0.000449741275831232
17.3747336254838,-0.00026971157577763
17.4081002923053,0.00135055668688435
17.4414669591268,0.00129194389745439
17.4748336259483,0.00165070906357736
17.5082002927699,0.000895618800660717
17.5415669595914,0.00121915286223677
17.5749336264129,0.00120582126059413
17.6083002932345,0.0013889515291529
17.641666960056,0.00153424234105595
17.6750336268775,0.00256543045435671
17.708400293699,0.00202254901508866
17.7417669605206,0.000529952728535392
17.7751336273421,0.000915694821128148
17.8085002941636,0.000784261128566289
17.8418669609852,-0.000550161325065067
17.8752336278067,-0.000503872291647143
17.9086002946282,-0.000369835870883072
17.9419669614497,0.00157995621628301
17.9753336282713,0.00219521855379321
18.0087002950928,0.00264218479180401
18.0420669619143,0.000791219193491171
18.0754336287359,0.00105081480194194
18.1088002955574,0.00100280024738338
18.1421669623789,0.00170079359897096
18.1755336292004,0.00231606703657919
18.208900296022,0.00359749353440269
18.2422669628435,0.00375092886319294
18.275633629665,0.00459847836512097
18.3090002964866,0.00446074841365031
18.3423669633081,0.00374464915037687
18.3757336301296,0.00333159309503636
18.4091002969511,0.00280247178396982
18.4424669637727,0.00198468735350093
18.4758336305942,0.00230554079636815
18.5092002974157,0.00401084948407705
18.5425669642373,0.00306246848956861
18.5759336310588,0.00253236317928913
18.6093002978803,0.00208234084251331
18.6426669647018,0.000298886136671926
18.6760336315234,-0.000256516035343167
18.7094002983449,0.000540682238160088
18.7427669651664,0.00131592198662582
18.776133631988,-0.000122458923729449
18.8095002988095,0.000199036325052617
18.842866965631,0.000834842312550949
18.8762336324525,0.00160962246043398
18.9096002992741,0.00083609377824348
18.9429669660956,0.00163838731573532
18.9763336329171,0.00289089791251612
19.0097002997387,0.00291376538736603
19.0430669665602,0.00418637198145076
19.0764336333817,0.00445148479498925
19.1098003002032,0.00432552531033422
19.1431669670248,0.00383542177234272
19.1765336338463,0.00358906013661087
19.2099003006678,0.00421082281664342
19.2432669674894,0.00391250319137389
19.2766336343109,0.00329041968083949
19.3100003011324,0.00237752812176199
19.3433669679539,0.00218629888844491
19.3767336347755,0.00276668172777766
19.410100301597,0.000809564882202103
19.4434669684185,0.000637982152480858
19.4768336352401,0.00173272146745528
19.5102003020616,0.000252028050969831
19.5435669688831,0.000292388552286042
19.5769336357046,0.000702674578723124
19.6103003025262,-0.000883291141401479
19.6436669693477,0.000215460917310666
19.6770336361692,-0.000203560434232237
19.7104003029908,0.000379836290451438
19.7437669698123,0.000914072744098719
19.7771336366338,0.00248578476259606
19.8105003034553,0.00313952658759962
19.8438669702769,0.00328231761409481
19.8772336370984,0.0023571015783412
19.9106003039199,0.00257408752211061
19.9439669707415,0.00244047773172103
19.977333637563,0.00263405060749318
20.0107003043845,0.00167084526935252
20.044066971206,0.00247120290702535
20.0774336380276,0.00196413788207512
20.1108003048491,0.00264828877883078
20.1441669716706,0.00243599518129494
20.1775336384922,0.00268035465313471
20.2109003053137,0.00219420957274418
20.2442669721352,0.00154640253044885
20.2776336389567,0.00256639230941221
20.3110003057783,0.00308837074182112
20.3443669725998,0.00279411880289964
20.3777336394213,0.00203452873008834
20.4111003062429,0.00137762485465619
20.4444669730644,6.0360093200936e-05
20.4778336398859,-0.000153211236584001
20.5112003067074,-0.000722494870614199
20.544566973529,0.000236962282913053
20.5779336403505,-0.000557088724426458
20.611300307172,0.000178975747489294
20.6446669739936,0.000300273923664958
20.6780336408151,0.000569860705959335
20.7114003076366,0.00264427633052769
20.7447669744581,0.00274779646360153
20.7781336412797,0.00247985174931825
20.8115003081012,0.00325049189306277
20.8448669749227,0.00361954263940988
20.8782336417443,0.00310164627280441
20.9116003085658,0.0032722519129571
20.9449669753873,0.00437730324831153
20.9783336422088,0.00262564212669341
21.0117003090304,0.00312193884515185
21.0450669758519,0.00205644214740575
21.0784336426734,0.00177956800456816
21.111800309495,0.00232197407296441
21.1451669763165,0.00235240288303849
21.178533643138,0.00225625606555988
21.2119003099595,0.00150070038940331
21.2452669767811,0.000708698208159541
21.2786336436026,-0.000697008763954557
21.3120003104241,-0.000297940837846964
21.3453669772457,0.000268580575093815
21.3787336440672,0.000849920448879553
21.4121003108887,0.00141950234112248
21.4454669777102,0.00199095523233859
21.4788336445318,0.00130093360358349
21.5122003113533,0.00191736491951844
21.5455669781748,0.00276490535940364
21.5789336449964,0.00258334614648372
21.6123003118179,0.00291899400566541
21.6456669786394,0.00276167685493886
21.6790336454609,0.00288162294213167
21.7124003122825,0.00215881819062862
21.745766979104,0.00242701241970675
21.7791336459255,0.00281798668785743
21.8125003127471,0.00218191436165838
21.8458669795686,0.00201402412351326
21.8792336463901,0.00150915991125779
21.9126003132116,0.00253116960223328
21.9459669800332,0.00200920158082615
21.9793336468547,0.00174109265003081
22.0127003136762,0.00185102876562483
22.0460669804978,0.000986508687999204
22.0794336473193,0.00137961010042415
22.1128003141408,0.00217433424935764
22.1461669809623,0.0030028446326259
22.1795336477839,0.00294573556525728
22.2129003146054,0.00166812715034019
22.2462669814269,0.00153914304576824
22.2796336482484,0.00158498280195533
22.31300031507,0.00130977953004899
22.3463669818915,0.00202875686779154
22.379733648713,0.00122734220654602
22.4131003155346,0.00307106671385096
22.4464669823561,0.00318835325094891
22.4798336491776,0.00253819920054699
22.5132003159992,0.000707196646136608
22.5465669828207,0.00107021136547609
22.5799336496422,0.00256715838333844
22.6133003164637,0.00223580935667703
22.6466669832853,0.00373128238869781
22.6800336501068,0.00318674288708897
22.7134003169283,0.0040226228950705
22.7467669837499,0.00308239661363216
22.7801336505714,0.00194225525788293
22.8135003173929,0.00189863732075473
22.8468669842144,0.00115672416937691
22.880233651036,0.00101228358389942
22.9136003178575,0.000996207560068121
22.946966984679,0.00208889759069776
22.9803336515006,0.001889551677281
23.0137003183221,0.00156509585006201
23.0470669851436,0.00222487704681423
23.0804336519651,0.00145568844119503
23.1138003187867,0.00158012628243497
23.1471669856082,0.00251520263015458
23.1805336524297,0.00296511074254238
23.2139003192512,0.00292457903049834
23.2472669860728,0.00227299910226525
23.2806336528943,0.00197394542234077
23.3140003197158,0.00189673760410862
23.3473669865374,0.00188847572722827
23.3807336533589,0.000971325147555701
23.4141003201804,0.00145847101111316
23.4474669870019,0.00203426784532843
23.4808336538235,0.00231357614212045
23.514200320645,0.0016788779071183
23.5475669874665,0.0010225064753556
23.5809336542881,0.00110763771195243
23.6143003211096,0.000873085572745302
23.6476669879311,0.000290293136645393
23.6810336547527,0.0015399029318188
23.7144003215742,0.00107359337178691
23.7477669883957,0.0011970060500449
23.7811336552172,0.0012330710649113
23.8145003220388,0.000555515329402112
23.8478669888603,0.00218378815001883
23.8812336556818,0.00317322272576489
23.9146003225034,0.00371897180908183
23.9479669893249,0.00416995135080948
23.9813336561464,0.00335492678232947
24.0147003229679,0.00184073442169894
24.0480669897895,0.000636873949975499
24.081433656611,0.00111496769268322
24.1148003234325,0.00117556018208764
24.148166990254,0.000865371919740147
24.1815336570756,0.000108490250065425
24.2149003238971,2.69216016910307e-05
24.2482669907186,0.000555357376142304
24.2816336575402,-0.000603787870225349
24.3150003243617,-0.00105002303644397
24.3483669911832,-0.000461731709649416
24.3817336580047,-0.000804477630360898
24.4151003248263,-0.000612210904889955
24.4484669916478,-0.0011988978932802
24.4818336584693,-0.00127342344198507
24.5152003252909,-0.00194940342729658
24.5485669921124,-0.00180725185004832
24.5819336589339,-0.00150258239948676
24.6153003257554,-0.00106663558274124
24.648666992577,2.17666086441137e-06
24.6820336593985,-0.000483854098619993
24.71540032622,-0.0014051478530155
24.7487669930416,-0.00116565854485055
24.7821336598631,-0.000903829866202907
24.8155003266846,0.000575787318402982
24.8488669935062,0.000860664311044116
24.8822336603277,0.000403657898106776
24.9156003271492,0.00157374690076693
24.9489669939707,0.000265845862900125
24.9823336607923,0.00140841002280567
25.0157003276138,0.00138799943612512
25.0490669944353,0.00237692160796389
25.0824336612568,0.00126823837140846
25.1158003280784,0.000914238588108516
25.1491669948999,0.00204972886169096
25.1825336617214,0.00245974630986526
25.215900328543,0.00159625243076982
25.2492669953645,0.00238807604852328
25.282633662186,0.000875328794815031
25.3160003290075,0.000904725119790319
25.3493669958291,0.000313590682357093
25.3827336626506,0.00053658418732707
25.4161003294721,0.00173228858393121
25.4494669962937,0.00198994074348448
25.4828336631152,0.00204086172619295
25.5162003299367,0.00160953109838443
25.5495669967582,0.0025865164387878
25.5829336635798,0.0025684508707102
25.6163003304013,0.00287681707346119
25.6496669972228,0.00371797232746053
25.6830336640444,0.00373246711532954
25.7164003308659,0.00416695296716603
25.7497669976874,0.00388871037080581
25.7831336645089,0.00383870260266104
25.8165003313305,0.00388765672675237
25.849866998152,0.00242853358576209
25.8832336649735,0.00166106400911288
25.9166003317951,0.00219466247270467
25.9499669986166,0.00113681216737301
25.9833336654381,0.00225844277737358
26.0167003322596,0.000982636879939548
26.0500669990812,0.00270264234241356
26.0834336659027,0.00263238333461896
26.1168003327242,0.00157201260002293
26.1501669995458,0.00248359941715441
26.1835336663673,0.00274551607564615
26.2169003331888,0.00282132684458259
26.2502670000103,0.00233674505488675
26.2836336668319,0.0025082708428906
26.3170003336534,0.00253640758645611
26.3503670004749,0.00248403031264705
26.3837336672965,0.00199661216262969
26.417100334118,0.00208528848508166
26.4504670009395,0.00362753927535876
26.483833667761,0.00317758695051033
26.5172003345826,0.00393880189077707
26.5505670014041,0.00299361677081885
26.5839336682256,0.00284804956602824
26.6173003350472,0.00274122223163853
26.6506670018687,0.003312837480272
26.6840336686902,0.00416208501821329
26.7174003355117,0.00487439206424858
26.7507670023333,0.00400436219501236
26.7841336691548,0.00441639367384658
26.8175003359763,0.00413841001572426
26.8508670027979,0.00437738738302126
26.8842336696194,0.00407911320538694
26.9176003364409,0.00279825786602573
26.9509670032624,0.00347169072958578
26.984333670084,0.00350950910802789
27.0177003369055,0.00180863818731596
27.051067003727,0.00197574149492583
27.0844336705486,0.00268349694453093
27.1178003373701,0.00253231572206392
27.1511670041916,0.000951514102002349
27.1845336710131,0.00194211938856882
27.2179003378347,0.00153664093223671
27.2512670046562,0.00228884714262258
27.2846336714777,0.00282093212327422
27.3180003382993,0.0026298407501332
27.3513670051208,0.00171302830252971
27.3847336719423,0.00182626830075689
27.4181003387638,0.00289937559723269
27.4514670055854,0.00305656806749738
27.4848336724069,0.00232941512930536
27.5182003392284,0.00318923180606837
27.55156700605,0.00388263927033686
27.5849336728715,0.00299998431478718
27.618300339693,0.00422205161114679
27.6516670065145,0.00317076076646954
27.6850336733361,0.00249928551582574
27.7184003401576,0.00387626726688871
27.7517670069791,0.00352706460951326
27.7851336738007,0.00263892522204398
27.8185003406222,0.00322054284343871
27.8518670074437,0.0027138899021339
27.8852336742652,0.00238430366219209
27.9186003410868,0.00170478650779073
27.9519670079083,0.00266494134276056
27.9853336747298,0.00141760287370015
28.0187003415514,0.00181172535458608
28.0520670083729,0.00104566965118867
28.0854336751944,0.00188384731916028
28.1188003420159,0.00144003199383556
28.1521670088375,0.00088439500267976
28.185533675659,0.000793158706957629
28.2189003424805,0.000365798441463647
28.2522670093021,0.00137789883901893
28.2856336761236,0.00110135967610306
28.3190003429451,0.00112062991450675
28.3523670097666,0.00114640080602936
28.3857336765882,0.00214513234865112
28.4191003434097,0.000989876739072302
28.4524670102312,0.00131505590977562
28.4858336770528,0.00258741143630177
28.5192003438743,0.00149570709270291
28.5525670106958,0.00164313054979938
28.5859336775173,0.00236260775866533
28.6193003443389,0.0022087633595698
28.6526670111604,0.00184916033882433
28.6860336779819,0.00195610626354848
28.7194003448035,0.0027425459634166
28.752767011625,0.00167231894737933
28.7861336784465,0.00115971928617467
28.819500345268,0.00130686448676056
28.8528670120896,0.000714231240679235
28.8862336789111,0.000643769852250609
28.9196003457326,-0.000418748776679858
28.9529670125542,0.000530187499409555
28.9863336793757,0.000631355030988661
29.0197003461972,0.000438804099279294
29.0530670130187,-0.000124619899972598
29.0864336798403,0.000936470637080539
29.1198003466618,0.00161045228003665
29.1531670134833,0.00126231610031202
29.1865336803049,0.000590513989441926
29.2199003471264,0.000824225006721524
29.2532670139479,0.00052592055208092
29.2866336807694,0.000118300330732373
29.320000347591,0.000256376223455778
29.3533670144125,-0.000697068628314112
29.386733681234,-0.00147850896002492
29.4201003480556,-0.000878480307861544
29.4534670148771,-0.000717165157524322
29.4868336816986,6.90124899275489e-05
29.5202003485201,-0.000970944719575826
29.5535670153417,0.000233145740667492
29.5869336821632,-0.00140630381725867
29.6203003489847,-0.00144755979686461
29.6536670158063,-0.00235484427218898
29.6870336826278,-0.00169508370232933
29.7204003494493,-0.00156163061871271
29.7537670162708,-0.00209985154363618
29.7871336830924,-0.00177702198067742
29.8205003499139,-0.00171760276860556
29.8538670167354,-0.000898199490497675
29.887233683557,-0.000432612774641753
29.9206003503785,0.000701629310043812
29.9539670172,0.00147886398746275
29.9873336840215,0.00132814412145603
30.0207003508431,0.00143175463254039
30.0540670176646,0.00243031409433917
30.0874336844861,0.00184972173162425
30.1208003513077,0.00114100538359215
30.1541670181292,0.000372051639097265
30.1875336849507,0.000821805207888728
30.2209003517722,-5.03986532768228e-05
30.2542670185938,0.00103092396808744
30.2876336854153,0.00206644735038319
30.3210003522368,0.00179458185507915
30.3543670190584,0.00124330032607433
30.3877336858799,0.00172312366466482
30.4211003527014,0.000590262899043912
30.4544670195229,0.000671146618555635
30.4878336863445,0.000754652026326562
30.521200353166,-0.000325149035201512
30.5545670199875,0.000561954193140419
30.5879336868091,0.000368952862084998
30.6213003536306,-0.00126451813827957
30.6546670204521,-0.00134783580871164
30.6880336872736,-0.00198521074030858
30.7214003540952,-0.000334328750659363
30.7547670209167,-0.000665054651270008
30.7881336877382,-0.000848391281215926
30.8215003545598,0.00105857288334028
30.8548670213813,0.000376950697343133
30.8882336882028,0.00212043359862507
30.9216003550243,-0.000690821533165499
30.9549670218459,0.00156220700984146
30.9883336886674,0.00219790734219643
31.0217003554889,0.00277685704649656
31.0550670223105,0.00240528029193602
31.088433689132,0.00231198826699785
31.1218003559535,0.00140555478268208
31.155167022775,0.00244914465312827
31.1885336895966,0.000510267357382137
31.2219003564181,0.000409724001830197
31.2552670232396,0.000753590643219948
31.2886336900612,0.00124428134029861
31.3220003568827,0.00155844284010997
31.3553670237042,0.00104184497102731
31.3887336905257,-4.49037643384678e-05
31.4221003573473,-0.000556705977565048
31.4554670241688,0.000393896709995389
31.4888336909903,0.000480829294596739
31.5222003578119,0.000620015824876158
31.5555670246334,0.000904631244325052
31.5889336914549,0.00201831766397372
31.6223003582764,0.000772162208618884
31.655667025098,0.000164854314755675
31.6890336919195,-0.000911524659617239
31.722400358741,-0.00130037031492002
31.7557670255626,4.48728357304187e-05
31.7891336923841,-0.000927743751617871
31.8225003592056,-0.00172321835688859
31.8558670260271,-0.000648490598178403
31.8892336928487,-0.000921791870366692
31.9226003596702,-0.00197957430735681
31.9559670264917,-0.000680407169046429
31.9893336933133,-0.00154953509494188
32.0227003601348,-0.000469055177646789
32.0560670269563,0.000503555187688615
32.0894336937778,-0.000294576805766256
32.1228003605994,-0.000567912761002068
32.1561670274209,-0.00030240586092725
32.1895336942424,0.000618791495711152
32.222900361064,-0.000883732781533325
32.2562670278855,-0.000934098862714549
32.289633694707,0.000153014190424833
32.3230003615285,0.00010711755733189
32.3563670283501,-0.00112722613361257
32.3897336951716,-0.00224349997216975
32.4231003619931,-0.00108495015874128
32.4564670288147,-0.00117605508329361
32.4898336956362,-0.000759500252132723
32.5232003624577,-0.0012849525547132
32.5565670292792,-0.00106395001170845
32.5899336961008,-0.000828647370290483
32.6233003629223,0.00144929036844415
32.6566670297438,0.00204493850773707
32.6900336965654,0.00216294662532828
32.7234003633869,0.00313297859556742
32.7567670302084,0.00316659475581143
32.7901336970299,0.00475926964154471
32.8235003638515,0.00632495980731048
32.856867030673,0.00679734368297307
32.8902336974945,0.0061925071724011
32.9236003643161,0.00392402527150735
32.9569670311376,0.00498884255175898
32.9903336979591,0.00312597061054633
33.0237003647806,0.00232397187131759
33.0570670316022,0.00311344921831407
33.0904336984237,0.00359874158654331
33.1238003652452,0.00387144290051375
33.1571670320668,0.00111826770071565
33.1905336988883,-0.00122408323403143
33.2239003657098,-0.00114231063349152
33.2572670325313,-0.00158700412088053
33.2906336993529,-0.00184982646172711
33.3240003661744,-0.00339737336382342
33.3573670329959,-0.00446049663566283
33.3907336998175,-0.00500953792481837
33.424100366639,-0.00502986798050044
33.4574670334605,-0.00323985380844564
33.490833700282,-0.00290449274384883
33.5242003671036,-0.00237693570680223
33.5575670339251,4.66550766672555e-05
33.5909337007466,0.00274328103472768
33.6243003675682,0.0043168330818088
33.6576670343897,0.00621999748243113
33.6910337012112,0.0065532689063299
33.7244003680327,0.00762187655471964
33.7577670348543,0.00897997264136796
33.7911337016758,0.00848052853137126
33.8245003684973,0.00745084508942699
33.8578670353189,0.00741517180685265
33.8912337021404,0.00672085388177127
33.9246003689619,0.00644187377999651
33.9579670357834,0.00507603408470897
33.991333702605,0.00353290002824787
34.0247003694265,0.000729844904018816
34.058067036248,-0.000175411062364849
34.0914337030696,-0.000246132264535554
34.1248003698911,-0.00136755982435688
34.1581670367126,-0.00220773675722086
34.1915337035341,-0.00194779023768946
34.2249003703557,-0.00129015060118489
34.2582670371772,-0.00165410002825174
34.2916337039987,-0.000702583742345965
34.3250003708203,-0.000647955402131492
34.3583670376418,0.000915276488462025
34.3917337044633,0.00064172115781393
34.4251003712848,0.00339162683656759
34.4584670381064,0.00235633334338784
34.4918337049279,0.00325219137001621
34.5252003717494,0.00336602604160382
34.558567038571,0.00297934991989279
34.5919337053925,0.00395260803982641
34.625300372214,0.00308882233037206
34.6586670390355,0.00238229748483103
34.6920337058571,0.00283097114060301
34.7254003726786,0.00190222229497787
34.7587670395001,0.00193852352463769
34.7921337063217,0.000568945832556455
34.8255003731432,0.00039345936923398
34.8588670399647,-0.0019149450064556
34.8922337067862,-0.00325438486352498
34.9256003736078,-0.00378458874138019
34.9589670404293,-0.00390999490811325
34.9923337072508,-0.00387895156310649
35.0257003740724,-0.0048667546448199
35.0590670408939,-0.00288419653504186
35.0924337077154,-0.00339847160258282
35.1258003745369,-0.000750864251064846
35.1591670413585,-0.000432494117675271
35.19253370818,0.00167636948877004
35.2259003750015,0.00278660661494213
35.2592670418231,0.00362079253161424
35.2926337086446,0.00417079016476915
35.3260003754661,0.00343078346748664
35.3593670422876,0.0042107536289727
35.3927337091092,0.00358223366694257
35.4261003759307,0.00406816623928071
35.4594670427522,0.00268916900965561
35.4928337095738,0.00308440741611452
35.5262003763953,0.00131083337162274
35.5595670432168,0.00136727613701373
35.5929337100383,0.000614670895054866
35.6263003768599,0.00101857993696037
35.6596670436814,-3.83179144917881e-05
35.6930337105029,-0.000501337689519568
35.7264003773245,0.000235925358126215
35.759767044146,-0.00144029203594306
35.7931337109675,-0.00267271860152801
35.826500377789,-0.00199760256263038
35.8598670446106,-0.00218002598824324
35.8932337114321,-0.00216666711580775
35.9266003782536,-0.00241174238555133
35.9599670450752,-0.0017155947538954
35.9933337118967,-0.00151816250972877
36.0267003787182,-0.00190306424066558
36.0600670455397,-0.00196232142506061
36.0934337123613,-0.000402470893853529
36.1268003791828,-0.00108999550042229
36.1601670460043,0.000953516547152531
36.1935337128259,0.00201116458034307
36.2269003796474,0.00287198210404089
36.2602670464689,0.00409152017031254
36.2936337132904,0.00240997098714635
36.327000380112,0.00308750131243351
36.3603670469335,0.0025570987185872
36.393733713755,0.000966931437330223
36.4271003805766,0.000469155132807505
36.4604670473981,0.00126978839367094
36.4938337142196,0.000921500657314901
36.5272003810411,-0.00171284028636947
36.5605670478627,-0.000524469189320036
36.5939337146842,-0.000240346026849161
36.6273003815057,-0.00113216301412626
36.6606670483273,-0.00103521013812962
36.6940337151488,-0.000394075117668475
36.7274003819703,-0.000412540709668201
36.7607670487918,-0.00137944103277338
36.7941337156134,-0.00145396611956487
36.8275003824349,-0.00203434109604887
36.8608670492564,-0.0010207502878212
36.894233716078,0.000951606920048864
36.9276003828995,0.00377513641862713
36.960967049721,0.00303741837354307
36.9943337165425,0.00269109407077033
37.0277003833641,0.00407175934664885
37.0610670501856,0.00364594894622041
37.0944337170071,0.00234828767196625
37.1278003838287,0.003173436449804
37.1611670506502,0.00141660506436504
37.1945337174717,0.000647649616461069
37.2279003842932,-0.000621328046006955
37.2612670511148,-0.00107513049228468
37.2946337179363,-0.00237927169517318
37.3280003847578,-0.00278734980659107
37.3613670515794,-0.00309173131521171
37.3947337184009,-0.0025830883089051
37.4281003852224,0.000445435452834042
37.4614670520439,0.013105215732425
37.4948337188655,0.0461548249563999
37.528200385687,0.138650556585642
37.5615670525085,0.344957337456878
37.5949337193301,0.717250030523379
37.6283003861516,1.23658895113231
37.6616670529731,1.90783685498181
37.6950337197946,2.69620276376127
37.7284003866162,3.56679667750944
37.7617670534377,4.56427819980874
37.7951337202592,5.44326128245998
37.8285003870808,6.20384383671874
37.8618670539023,6.83953751237153
37.8952337207238,7.16496001340887
37.9286003875453,7.29591696549761
37.9619670543669,7.22398218017136
37.9953337211884,7.01165838149424
38.0287003880099,6.69543785565758
38.0620670548314,6.27758250774673
38.095433721653,5.79700537821368
38.1288003884745,5.21644428772527
38.162167055296,4.54740815772744
38.1955337221176,3.8496424061817
38.2289003889391,3.20725695006195
38.2622670557606,2.68176754621069
38.2956337225822,2.327973006025
38.3290003894037,2.18412969138778
38.3623670562252,2.22745376706626
38.3957337230467,2.38427938805005
38.4291003898683,2.61411086260499
38.4624670566898,2.86031796258577
38.4958337235113,3.1080213109888
38.5292003903329,3.38686078051476
38.5625670571544,3.70291000697596
38.5959337239759,4.04581715655768
38.6293003907974,4.38620037321932
38.662667057619,4.67492957245628
38.6960337244405,4.8755876388328
38.729400391262,4.9632987938019
38.7627670580836,4.9460029981534
38.7961337249051,4.85003165746003
38.8295003917266,4.715929988729
38.8628670585481,4.57598465435679
38.8962337253697,4.43757995081484
38.9296003921912,4.29063642516756
38.9629670590127,4.11696790132287
38.9963337258343,3.90586293304132
39.0297003926558,3.67906746814354
39.0630670594773,3.45663633452104
39.0964337262988,3.2707545717057
39.1298003931204,3.16469765002099
39.1631670599419,3.15088144589998
39.1965337267634,3.20265304231529
39.229900393585,3.29039624095293
39.2632670604065,3.39629909983295
39.296633727228,3.49712676273276
39.3300003940495,3.59305283910192
39.3633670608711,3.69782638237941
39.3967337276926,3.82063638305511
39.4301003945141,3.96917554271894
39.4634670613357,4.1231733079702
39.4968337281572,4.25678046601108
39.5302003949787,4.35084494344202
39.5635670618002,4.37933616612397
39.5969337286218,4.35422875549804
39.6303003954433,4.29620039013765
39.6636670622648,4.22663257181065
39.6970337290864,4.14991916283928
39.7304003959079,4.08998878632994
39.7637670627294,4.0353246102826
39.7971337295509,3.96213340156103
39.8305003963725,3.86594113250043
39.863867063194,3.75400615771337
39.8972337300155,3.64795119630268
39.930600396837,3.56513865284969
39.9639670636586,3.52272151746823
39.9973337304801,3.53125959209637
40.0307003973016,3.57013663700695
40.0640670641232,3.61789488939513
40.0974337309447,3.65324541240976
40.1308003977662,3.67481498652643
40.1641670645877,3.69238963909741
40.1975337314093,3.71759150347772
40.2309003982308,3.76340188590945
40.2642670650523,3.83705409444496
40.2976337318739,3.93106140620295
40.3310003986954,4.03021417314699
40.3643670655169,4.10108890381766
40.3977337323384,4.14665373257878
40.43110039916,4.15637145684304
40.4644670659815,4.12678041274235
40.497833732803,4.08324063954077
40.5312003996246,4.03490269885838
40.5645670664461,3.99699359360136
40.5979337332676,3.95890656013099
40.6313004000891,3.90999334451575
40.6646670669107,3.84323291698913
40.6980337337322,3.76546722400485
40.7314004005537,3.67567940738911
40.7647670673753,3.59804204389335
40.7981337341968,3.55847030741523
40.8315004010183,3.55359670008876
40.8648670678399,3.57822645696353
40.8982337346614,3.61586884387898
40.9316004014829,3.66368322777496
40.9649670683044,3.70851884765537
40.998333735126,3.75371398843897
41.0317004019475,3.80212884336394
41.065067068769,3.85791525969707
41.0984337355906,3.9162452318529
41.1318004024121,3.97291132311853
41.1651670692336,4.01042794736605
41.1985337360551,4.02378772397024
41.2319004028767,4.00462363928506
41.2652670696982,3.95887543379049
41.2986337365197,3.90161981563471
41.3320004033413,3.84385692590321
41.3653670701628,3.80321887356292
41.3987337369843,3.78060770188353
41.4321004038058,3.77052361417348
41.4654670706274,3.76253837419866
41.4988337374489,3.75108790480741
41.5322004042704,3.73979118829964
41.565567071092,3.73821525082433
41.5989337379135,3.74124789768672
41.632300404735,3.76094435537721
41.6656670715565,3.79803852748481
41.6990337383781,3.84345105780318
41.7324004051996,3.87592115219658
41.7657670720211,3.90141336496182
41.7991337388426,3.90623552829425
41.8325004056642,3.89483520673735
41.8658670724857,3.87449069987002
41.8992337393072,3.85560955596652
41.9326004061288,3.8542503737758
41.9659670729503,3.85993552728037
41.9993337397718,3.87297330270963
42.0327004065933,3.88099059201166
42.0660670734149,3.87554253383546
42.0994337402364,3.86924703312203
42.1328004070579,3.86984343344463
42.1661670738795,3.87895768618049
42.199533740701,3.90240214282864
42.2329004075225,3.94283506219711
42.266267074344,3.97819699608455
42.2996337411656,3.99528082472366
42.3330004079871,3.9798329731591
42.3663670748086,3.93938131531182
42.3997337416302,3.87190130293101
42.4331004084517,3.79735564814587
42.4664670752732,3.72181362978375
42.4998337420947,3.66310275943518
42.5332004089163,3.63591484594799
42.5665670757378,3.62429973811176
42.5999337425593,3.62669240410074
42.6333004093809,3.64669592665448
42.6666670762024,3.67193955368747
42.7000337430239,3.71109687477897
42.7334004098454,3.77011962501227
42.766767076667,3.85428990076576
42.8001337434885,3.94016051942628
42.83350041031,4.02945272241903
42.8668670771316,4.10197598089001
42.9002337439531,4.14361860158301
42.9336004107746,4.15189508544931
42.9669670775961,4.1372556630169
43.0003337444177,4.09140125982554
43.0337004112392,4.03354189886771
43.0670670780607,3.96463881102571
43.1004337448823,3.88311268144614
43.1338004117038,3.80889278706275
43.1671670785253,3.74401734186091
43.2005337453468,3.68960149547553
43.2339004121684,3.65788890103986
43.2672670789899,3.64508642442085
43.3006337458114,3.65417600010897
43.334000412633,3.68837544363335
43.3673670794545,3.71830201989254
43.400733746276,3.74646914441116
43.4341004130976,3.77139295632617
43.4674670799191,3.79089671728145
43.5008337467406,3.80619064139779
43.5342004135621,3.81969595106182
43.5675670803837,3.82751679765971
43.6009337472052,3.83643639655393
43.6343004140267,3.84487627194539
43.6676670808482,3.84330060481553
43.7010337476698,3.83689776468525
43.7344004144913,3.82438548114062
43.7677670813128,3.81292895262436
43.8011337481344,3.80960218356662
43.8345004149559,3.81333366311584
43.8678670817774,3.8292222125666
43.9012337485989,3.84582848137117
43.9346004154205,3.86701638640577
43.967967082242,3.87800451446927
44.0013337490635,3.87548383202231
44.0347004158851,3.85922321605047
44.0680670827066,3.83046327650231
44.1014337495281,3.80218997198905
44.1348004163496,3.78121832614868
44.1681670831712,3.77198301574382
44.2015337499927,3.77664237180726
44.2349004168142,3.78281893357693
44.2682670836358,3.79276589042371
44.3016337504573,3.80608892535946
44.3350004172788,3.81455650042205
44.3683670841003,3.82229322221536
44.4017337509219,3.84576359463344
44.4351004177434,3.86993109049847
44.4684670845649,3.89734843068065
44.5018337513865,3.92578414083525
44.535200418208,3.94184572085401
44.5685670850295,3.94323772652691
44.601933751851,3.93752395858241
44.6353004186726,3.91385574490328
44.6686670854941,3.88515383903417
44.7020337523156,3.86164410789739
44.7354004191372,3.84466432618038
44.7687670859587,3.83356074814342
44.8021337527802,3.83624968789873
44.8355004196017,3.84246460085844
44.8688670864233,3.85913643030039
44.9022337532448,3.87964315593682
44.9356004200663,3.89178900056928
44.9689670868879,3.89784698631642
45.0023337537094,3.89511485182842
45.0357004205309,3.8803525915941
45.0690670873524,3.85560906324262
45.102433754174,3.82224285912437
45.1358004209955,3.77592200471807
45.169167087817,3.7355587240388
45.2025337546386,3.70570179109597
45.2359004214601,3.69824377943728
45.2692670882816,3.71414351704684
45.3026337551031,3.75964534558145
45.3360004219247,3.81717926437539
45.3693670887462,3.87389061647543
45.4027337555677,3.91710532269256
45.4361004223893,3.93325056601426
45.4694670892108,3.93435793710989
45.5028337560323,3.91491824117885
45.5362004228538,3.88868634429961
45.5695670896754,3.8590719572285
45.6029337564969,3.83289687789997
45.6363004233184,3.81658305387193
45.66966709014,3.81219205046451
45.7030337569615,3.81188594952162
45.736400423783,3.81667524610612
45.7697670906045,3.82782413144986
45.8031337574261,3.84178640537416
45.8365004242476,3.86000992736773
45.8698670910691,3.88455737689437
45.9032337578907,3.89976191011099
45.9366004247122,3.90871872254596
45.9699670915337,3.89310753512036
46.0033337583552,3.8700524680579
46.0367004251768,3.8364965716939
46.0700670919983,3.80152479600367
46.1034337588198,3.77237363237362
46.1368004256414,3.75616197719866
46.1701670924629,3.76004567066918
46.2035337592844,3.77593584104038
46.2369004261059,3.80134188767134
46.2702670929275,3.83562368894524
46.303633759749,3.86047545782343
46.3370004265705,3.87043383635707
46.3703670933921,3.87668161609931
46.4037337602136,3.8681099370783
46.4371004270351,3.85461038893224
46.4704670938566,3.83475236547211
46.5038337606782,3.8190523664139
46.5372004274997,3.80710268367136
46.5705670943212,3.80888874605084
46.6039337611428,3.81497028403786
46.6373004279643,3.82932084058829
46.6706670947858,3.84715702604759
46.7040337616073,3.86001782262677
46.7374004284289,3.87225679630409
46.7707670952504,3.87322390534358
46.8041337620719,3.87038107096704
46.8375004288935,3.86967716912949
46.870867095715,3.86583588319057
46.9042337625365,3.8556043661377
46.937600429358,3.84864797224989
46.9709670961796,3.84479584219909
47.0043337630011,3.85412824195184
47.0377004298226,3.86137329854721
47.0710670966442,3.87029785078544
47.1044337634657,3.8767071192869
47.1378004302872,3.87598188075307
47.1711670971087,3.87419565969623
47.2045337639303,3.86298377668008
47.2379004307518,3.85552306267685
47.2712670975733,3.84279779291579
47.3046337643949,3.81976507949604
47.3380004312164,3.79385130284153
47.3713670980379,3.76314004450675
47.4047337648594,3.68902860934154
47.438100431681,3.47633021507955
47.4714670985025,3.08404975007483
47.504833765324,2.5094852912388
47.5382004321456,1.80843645434484
47.5715670989671,1.02040273390008
47.6049337657886,0.139274307498764
47.6383004326101,-0.814633978437182
47.6716670994317,-1.75120038816764
47.7050337662532,-2.70927573186759
47.7384004330747,-3.48440917292671
47.7717670998963,-4.14124078885489
47.8051337667178,-4.59249768109552
47.8385004335393,-4.79516266649718
47.8718671003608,-4.71913243997145
47.9052337671824,-4.37137475625833
47.9386004340039,-3.72627558654783
47.9719671008254,-2.85025479057938
48.005333767647,-1.7936338663023
48.0387004344685,-0.57849623629047
48.07206710129,0.599536134466434
48.1054337681115,1.73883866492619
48.1388004349331,2.71364627253058
48.1721671017546,3.51951191846532
48.2055337685761,4.12503099669154
48.2389004353977,4.49401937676214
48.2722671022192,4.58775344553191
48.3056337690407,4.41633445879688
48.3390004358622,3.97428428243374
48.3723671026838,3.2589708186778
48.4057337695053,2.35685546050022
48.4391004363268,1.21400947808225
48.4724671031484,0.0522102520321436
48.5058337699699,-1.15116352434391
48.5392004367914,-2.13529039471299
48.5725671036129,-3.06730938528813
48.6059337704345,-3.7750542351738
48.639300437256,-4.21715552117133
48.6726671040775,-4.38060300294049
48.7060337708991,-4.26085240920901
48.7394004377206,-3.86336102157203
48.7727671045421,-3.20471036204937
48.8061337713636,-2.38382897894332
48.8395004381852,-1.43596816747505
48.8728671050067,-0.454544180155455
48.9062337718282,0.507531342079856
48.9396004386498,1.31514631119411
48.9729671054713,2.0040344587609
49.0063337722928,2.53071461743715
49.0397004391143,2.88575795600345
49.0730671059359,3.06389581749217
49.1064337727574,3.05458512503637
49.1398004395789,2.88782438495559
49.1731671064005,2.55623950095125
49.206533773222,2.08044292033828
49.2399004400435,1.4858397705885
49.273267106865,0.820238910956184
49.3066337736866,0.0998180356986569
49.3400004405081,-0.602712630966235
49.3733671073296,-1.26138224494144
49.4067337741512,-1.84210648496553
49.4401004409727,-2.30047363984268
49.4734671077942,-2.61556303172234
49.5068337746157,-2.78086456017673
49.5402004414373,-2.75961849525924
49.5735671082588,-2.57695104110102
49.6069337750803,-2.22992853450267
49.6403004419019,-1.73736616462102
49.6736671087234,-1.15591929455039
49.7070337755449,-0.520216511340764
49.7404004423664,0.0993897336816073
49.773767109188,0.691015053820181
49.8071337760095,1.21515966861049
49.840500442831,1.64838802024133
49.8738671096526,1.97454731914282
49.9072337764741,2.18037180996796
49.9406004432956,2.24514241972765
49.9739671101171,2.18191839927495
50.0073337769387,1.97539440918115
50.0407004437602,1.6347871928939
50.0740671105817,1.19852054968204
50.1074337774033,0.694024622820844
50.1408004442248,0.144382985059555
50.1741671110463,-0.406378673245139
50.2075337778678,-0.924082108892832
50.2409004446894,-1.37183952007573
50.2742671115109,-1.73100151691897
50.3076337783324,-1.97573073954733
50.341000445154,-2.10193181968475
50.3743671119755,-2.08458322028651
50.407733778797,-1.94084998077829
50.4411004456185,-1.67120695770306
50.4744671124401,-1.29843199097698
50.5078337792616,-0.851120769611374
50.5412004460831,-0.378376764530995
50.5745671129047,0.0947693469824007
50.6079337797262,0.541012906442185
50.6413004465477,0.926894153328934
50.6746671133692,1.24365624994695
50.7080337801908,1.47313567992147
50.7414004470123,1.61361680604757
50.7747671138338,1.64860978042718
50.8081337806554,1.59154536714806
50.8415004474769,1.43380351597775
50.8748671142984,1.18341572232306
50.9082337811199,0.860637804470034
50.9416004479415,0.483605976264811
50.974967114763,0.0864396651340351
51.0083337815845,-0.304131375431412
51.0417004484061,-0.675333856861914
51.0750671152276,-0.994524747665631
51.1084337820491,-1.25226566740341
51.1418004488706,-1.43605695127082
51.1751671156922,-1.52389481988946
51.2085337825137,-1.51710228923674
51.2419004493352,-1.42609128262979
51.2752671161568,-1.23470244760144
51.3086337829783,-0.969093785222189
51.3420004497998,-0.645280355225678
51.3753671166213,-0.305674964567507
51.4087337834429,0.048044213420281
51.4421004502644,0.37779610139254
51.4754671170859,0.667832951171926
51.5088337839075,0.909581585549125
51.542200450729,1.08843355895787
51.5755671175505,1.20227891949561
51.608933784372,1.23497772417538
51.6423004511936,1.19568750839943
51.6756671180151,1.07909464046669
51.7090337848366,0.892247103950049
51.7424004516582,0.640834534520479
51.7757671184797,0.358220037337921
51.8091337853012,0.0572969882227223
51.8425004521227,-0.238794539882624
51.8758671189443,-0.51367724297216
51.9092337857658,-0.759572544557932
51.9426004525873,-0.946494421886384
51.9759671194089,-1.08199085575074
52.0093337862304,-1.15159468513253
52.0427004530519,-1.14492703614873
52.0760671198734,-1.07125925925026
52.109433786695,-0.929726757288751
52.1428004535165,-0.728267618757579
52.176167120338,-0.489176458296468
52.2095337871596,-0.232155277471959
52.2429004539811,0.0258033954988954
52.2762671208026,0.270374188402263
52.3096337876241,0.486702062173808
52.3430004544457,0.662743340206208
52.3763671212672,0.797609410217919
52.4097337880887,0.880755896998434
52.4431004549103,0.906203306702261
52.4764671217318,0.877293645234175
52.5098337885533,0.787009199745991
52.5432004553748,0.645400286439065
52.5765671221964,0.460652396426673
52.6099337890179,0.25192468380382
52.6433004558394,0.0318465044295332
52.676667122661,-0.19070148209762
52.7100337894825,-0.388867151491468
52.743400456304,-0.563858658399391
52.7767671231255,-0.705556480487824
52.8101337899471,-0.8067909137003
52.8435004567686,-0.859811387665927
52.8768671235901,-0.857262735291787
52.9102337904117,-0.804674097675953
52.9436004572332,-0.698665918042355
52.9769671240547,-0.551155902520537
53.0103337908762,-0.372301428978647
53.0437004576978,-0.181490497373462
53.0770671245193,0.0141538305092291
53.1104337913408,0.193897293407702
53.1438004581624,0.357327411344238
53.1771671249839,0.492294991813676
53.2105337918054,0.593543702787687
53.2439004586269,0.654748901066962
53.2772671254485,0.677154137269728
53.31063379227,0.654047427684106
53.3440004590915,0.58729866177772
53.3773671259131,0.479178984204307
53.4107337927346,0.340995388009616
53.4441004595561,0.182653728938823
53.4774671263776,0.0157689562656651
53.5108337931992,-0.147536035502467
53.5442004600207,-0.296962594304557
53.5775671268422,-0.429503431081628
53.6109337936638,-0.53275299583937
53.6443004604853,-0.606397927755012
53.6776671273068,-0.641649810328717
53.7110337941283,-0.639525647075059
53.7444004609499,-0.603087079442922
53.7777671277714,-0.524913891094475
53.8111337945929,-0.415205796830363
53.8445004614145,-0.28540035031578
53.877867128236,-0.145486117074277
53.9112337950575,0.000671695834347905
53.944600461879,0.136830051039033
53.9779671287006,0.25676954106425
54.0113337955221,0.356810798367068
54.0447004623436,0.432279763777102
54.0780671291652,0.479089855988
54.1114337959867,0.49016301335962
54.1448004628082,0.475779814156758
54.1781671296297,0.434410673258508
54.2115337964513,0.34808318407218
54.2449004632728,0.247229039595197
54.2782671300943,0.12762942211834
54.3116337969159,0.00492611610836011
54.3450004637374,-0.118584918514934
54.3783671305589,-0.22925192789158
54.4117337973804,-0.331969690082932
54.445100464202,-0.408639045051936
54.4784671310235,-0.460792732975462
54.511833797845,-0.488032271954495
54.5452004646666,-0.489258207455909
54.5785671314881,-0.463043403203692
54.6119337983096,-0.405666170895058
54.6453004651311,-0.320898911518135
54.6786671319527,-0.222599142576008
54.7120337987742,-0.11247758430738
54.7454004655957,-0.00724343574139112
54.7787671324173,0.0937519324480898
54.8121337992388,0.183292788227044
54.8455004660603,0.25891587026668
54.8788671328818,0.31647414740224
54.9122337997034,0.350243117623902
54.9456004665249,0.360558365367329
54.9789671333464,0.350177867205547
55.0123338001679,0.3188118179128
55.0457004669895,0.253221625869014
55.079067133811,0.177146267864321
55.1124338006325,0.0902964490927756
55.1458004674541,-0.00134314751241847
55.1791671342756,-0.0942122717584604
55.2125338010971,-0.177513010824103
55.2459004679186,-0.24772863022085
55.2792671347402,-0.30647658816165
55.3126338015617,-0.347230308984133
55.3460004683832,-0.366261990406538
55.3793671352048,-0.368717148051754
55.4127338020263,-0.349889441944384
55.4461004688478,-0.307681782408609
55.4794671356693,-0.246433454774
55.5128338024909,-0.176492959274059
55.5462004693124,-0.0963963335161183
55.5795671361339,-0.0147646655179298
55.6129338029555,0.0599183665947018
55.646300469777,0.127245239974808
55.6796671365985,0.182746792313849
55.7130338034201,0.225759395110306
55.7464004702416,0.254787817764398
55.7797671370631,0.262694298206661
55.8131338038846,0.255616220249137
55.8465004707062,0.227414244724268
55.8798671375277,0.185791686231357
55.9132338043492,0.128828750163973
55.9466004711708,0.0613917798788857
55.9799671379923,-0.00572569806608216
56.0133338048138,-0.0760194742110294
56.0467004716353,-0.136855259806896
56.0800671384569,-0.19516932868857
56.1134338052784,-0.235939127898933
56.1468004720999,-0.26768520945264
56.1801671389215,-0.286423292924476
56.213533805743,-0.285998028511813
56.2469004725645,-0.27401901147197
56.280267139386,-0.24218185378264
56.3136338062076,-0.199729172539158
56.3470004730291,-0.139190310605415
56.3803671398506,-0.0811535199077342
56.4137338066722,-0.022186856013924
56.4471004734937,0.0359586267780873
56.4804671403152,0.0874934393885716
56.5138338071367,0.128309761954311
56.5472004739583,0.16233220778904
56.5805671407798,0.179762736651579
56.6139338076013,0.187421379623943
56.6473004744229,0.18046058889123
56.6806671412444,0.162547520298469
56.7140338080659,0.131912707796246
56.7474004748874,0.0887244675181102
56.780767141709,0.042431960647119
56.8141338085305,-0.0147985755545227
56.847500475352,-0.066439170385721
56.8808671421735,-0.111784805808762
56.9142338089951,-0.151010422845104
56.9476004758166,-0.184739494338739
56.9809671426381,-0.205501604991297
57.0143338094597,-0.215749365117339
57.0477004762812,-0.216556264342685
57.0810671431027,-0.207254207100212
57.1144338099242,-0.183402333482796
57.1478004767458,-0.149640415395398
57.1811671435673,-0.111383639658884
57.2145338103888,-0.0672988022541261
57.2479004772104,-0.021205687888089
57.2812671440319,0.0216279510813238
57.3146338108534,0.0569599695045405
57.3480004776749,0.0889211375034861
57.3813671444965,0.11638810472312
57.414733811318,0.130338686711627
57.4481004781395,0.132147119033654
57.4814671449611,0.129957539326095
57.5148338117826,0.115831775773023
57.5482004786041,0.095840517155503
57.5815671454256,0.0672922059742086
57.6149338122472,0.0255214899190554
57.6483004790687,-0.0144603249424543
57.6816671458902,-0.0545950905623333
57.7150338127118,-0.0876290038926993
57.7484004795333,-0.119153720872427
57.7817671463548,-0.141580140575622
57.8151338131763,-0.159426547516148
57.8485004799979,-0.16612485146952
57.8818671468194,-0.165095159129194
57.9152338136409,-0.161203638304167
57.9486004804625,-0.142849728155703
57.981967147284,-0.123656837486477
58.0153338141055,-0.0927762019846725
58.0487004809271,-0.0610088941618359
58.0820671477486,-0.0279591974106953
58.1154338145701,0.00664746843805373
58.1488004813916,0.0325962403944984
58.1821671482132,0.0561337862114082
58.2155338150347,0.0746467195754856
58.2489004818562,0.086160560330405
58.2822671486778,0.0888904876702126
58.3156338154993,0.0874474015398711
58.3490004823208,0.077186765910411
58.3823671491423,0.0567412299140302
58.4157338159639,0.035289445862369
58.4491004827854,0.0033983811681257
58.4824671496069,-0.0221574841099576
58.5158338164285,-0.0523716067861338
58.54920048325,-0.0789609253582858
58.5825671500715,-0.0962505357667646
58.615933816893,-0.119026672517108
58.6493004837146,-0.131987460516427
58.6826671505361,-0.13930605830291
58.7160338173576,-0.13762836661628
58.7494004841791,-0.132009500983614
58.7827671510007,-0.119389113090626
58.8161338178222,-0.0999930044729283
58.8495004846437,-0.0783516166762021
58.8828671514653,-0.0536713455733502
58.9162338182868,-0.0270986711645293
58.9496004851083,-0.00503144154820255
58.9829671519298,0.0165887462407909
59.0163338187514,0.0317950120974167
59.0497004855729,0.0470523640597189
59.0830671523944,0.0546585120041546
59.116433819216,0.0588725965956759
59.1498004860375,0.0573237095276041
59.183167152859,0.0485573681594118
59.2165338196805,0.0379387534511623
59.2499004865021,0.0166209815600369
59.2832671533236,-0.00117621683989724
59.3166338201451,-0.0216656801426411
59.3500004869667,-0.043115741940364
59.3833671537882,-0.0612201843562546
59.4167338206097,-0.075526194699017
59.4501004874312,-0.0878978728301592
59.4834671542528,-0.0980063501226571
59.5168338210743,-0.104787724931434
59.5502004878958,-0.105626377378184
59.5835671547174,-0.103147117659038
59.6169338215389,-0.0947119785839314
59.6503004883604,-0.0816951433024774
59.6836671551819,-0.0653702085592604
59.7170338220035,-0.0470178905899739
59.750400488825,-0.0276032858455256
59.7837671556465,-0.00933851858306052
59.8171338224681,0.00638371471666673
59.8505004892896,0.0187277037778848
59.8838671561111,0.0288679930770695
59.9172338229326,0.0342616941496573
59.9506004897542,0.0362895782370102
59.9839671565757,0.0334746839946586
60.0173338233972,0.028377030050302
60.0507004902188,0.0161376287085463
60.0840671570403,0.00626348363201373
60.1174338238618,-0.00974658296468686
60.1508004906833,-0.0265196211801605
60.1841671575049,-0.037870140268662
60.2175338243264,-0.0523559914886549
60.2509004911479,-0.0674364627280162
60.2842671579695,-0.075634359777392
60.317633824791,-0.0846857405517071
60.3510004916125,-0.0869440346869785
60.384367158434,-0.087899396543276
60.4177338252556,-0.0853565273651476
60.4511004920771,-0.0789670511755248
60.4844671588986,-0.0699209531572417
60.5178338257202,-0.0562431199629236
60.5512004925417,-0.0424375978536393
60.5845671593632,-0.0281927995445024
60.6179338261848,-0.0157987326350692
60.6513004930063,-0.00497804116734687
60.6846671598278,0.00405661409004512
60.7180338266493,0.0116139612465294
60.7514004934709,0.0183425752300245
60.7847671602924,0.0171536662940403
60.8181338271139,0.0166099051267671
60.8515004939354,0.0121198476066476
60.884867160757,0.00713946900572799
60.9182338275785,-0.00308684086595497
60.9516004944,-0.0149831267487799
60.9849671612216,-0.0281634322564315
61.0183338280431,-0.039981036098198
61.0517004948646,-0.0519731652783327
61.0850671616861,-0.0594831545888648
61.1184338285077,-0.065182520428686
61.1518004953292,-0.070997430676687
61.1851671621507,-0.0737954825948334
61.2185338289723,-0.0745265218167493
61.2519004957938,-0.0729544340277956
61.2852671626153,-0.0646252863463797
61.3186338294368,-0.0572265729065404
61.3520004962584,-0.0498609695318838
61.3853671630799,-0.0395851105385311
61.4187338299014,-0.0304804414878976
61.452100496723,-0.0219674600912358
61.4854671635445,-0.0134185175573859
61.518833830366,-0.00501558929113912
61.5522004971875,0.000159142007966294
61.5855671640091,0.00406781933971137
61.6189338308306,0.00649936438915784
61.6523004976521,0.00558447923059833
61.6856671644737,0.00186044550115657
61.7190338312952,-0.00137879055728753
61.7524004981167,-0.008884737290038
61.7857671649382,-0.0178791119130241
61.8191338317598,-0.025299629827333
61.8525004985813,-0.0307884787198201
61.8858671654028,-0.0397964556067639
61.9192338322244,-0.0460543743401087
61.9526004990459,-0.0545246291687952
61.9859671658674,-0.0574222398662028
62.0193338326889,-0.059625906981493
62.0527004995105,-0.0623804841082509
62.086067166332,-0.0613611989597406
62.1194338331535,-0.0565463815666331
62.1528004999751,-0.0552835209547644
62.1861671667966,-0.0471562562755637
62.2195338336181,-0.0387404088516861
62.2529005004396,-0.0325969192397086
62.2862671672612,-0.0253960038675967
62.3196338340827,-0.0182069313478464
62.3530005009042,-0.0150134090492708
62.3863671677258,-0.00968903906269227
62.4197338345473,-0.00760455482244805
62.4531005013688,-0.00621874820582403
62.4864671681903,-0.00744804474478177
62.5198338350119,-0.0083148237101357
62.5532005018334,-0.0113051482171982
62.5865671686549,-0.0166712587628672
62.6199338354765,-0.0232682271280386
62.653300502298,-0.0287123871209313
62.6866671691195,-0.0324154851542724
62.720033835941,-0.0420707700380746
62.7534005027626,-0.0460189477006709
62.7867671695841,-0.0508636295242056
62.8201338364056,-0.0544242489847525
62.8535005032272,-0.0567837402404393
62.8868671700487,-0.0567079930307652
62.9202338368702,-0.0551887708614295
62.9536005036917,-0.04960786941909
62.9869671705133,-0.0464092079594703
63.0203338373348,-0.0404432322567039
63.0537005041563,-0.0342992258927656
63.0870671709779,-0.0312962522044305
63.1204338377994,-0.0245513220169028
63.1538005046209,-0.0222984734931307
63.1871671714425,-0.0165684731236837
63.220533838264,-0.0146410291644103
63.2539005050855,-0.0134509531863435
63.287267171907,-0.0123541782124606
63.3206338387286,-0.0122835994011983
63.3540005055501,-0.0137642230921139
63.3873671723716,-0.0180505542195818
63.4207338391931,-0.0217267110835115
63.4541005060147,-0.0237361404233921
63.4874671728362,-0.0281207411578153
63.5208338396577,-0.0329229215624423
63.5542005064793,-0.0360336090038703
63.5875671733008,-0.0388378255510154
63.6209338401223,-0.0429984304678278
63.6543005069438,-0.04569444560616
63.6876671737654,-0.0471191820066321
63.7210338405869,-0.0469571558469606
63.7544005074084,-0.0459157464681873
63.78776717423,-0.0441072516721427
63.8211338410515,-0.0410906204137799
63.854500507873,-0.0389242648607699
63.8878671746945,-0.0340246018401331
63.9212338415161,-0.0317197426190826
63.9546005083376,-0.0277997587197597
63.9879671751591,-0.0242355561112246
64.0213338419807,-0.0225205298330236
64.0547005088022,-0.0189899312266239
64.0880671756237,-0.0178063900792113
64.1214338424452,-0.0159569700908547
64.1548005092668,-0.0165647835303082
64.1881671760883,-0.018620489673851
64.2215338429098,-0.0207250803842024
64.2549005097314,-0.0218563236741887
64.2882671765529,-0.0265011024279637
64.3216338433744,-0.0302397469143842
64.3550005101959,-0.0340225550032697
64.3883671770175,-0.0374426182303954
64.421733843839,-0.0405952313439332
64.4551005106605,-0.0413022032617874
64.4884671774821,-0.0434167632033924
64.5218338443036,-0.0447532713556041
64.5552005111251,-0.047681049458337
64.5885671779466,-0.0456921638963745
64.6219338447682,-0.044688133034298
64.6553005115897,-0.0401943449661159
64.6886671784112,-0.038190424495212
64.7220338452328,-0.0348169608201827
64.7554005120543,-0.0309715672103629
64.7887671788758,-0.0259230583923569
64.8221338456973,-0.0253542656979312
64.8555005125189,-0.022502813993796
64.8888671793404,-0.0226687480748328
64.9222338461619,-0.0210884202977652
64.9556005129835,-0.0202051753362624
64.988967179805,-0.0201458254018598
65.0223338466265,-0.0204836889087961
65.055700513448,-0.0219389370747768
65.0890671802696,-0.0247998036590632
65.1224338470911,-0.0280097720884521
65.1558005139126,-0.0304310178824768
65.1891671807342,-0.0321064296559184
65.2225338475557,-0.0341073763776698
65.2559005143772,-0.0364966697002196
65.2892671811987,-0.0380756021826407
65.3226338480203,-0.0400861172630099
65.3560005148418,-0.0389099344941687
65.3893671816633,-0.0406247259908084
65.4227338484849,-0.0393882834566018
65.4561005153064,-0.0386058258239509
65.4894671821279,-0.0364724749353826
65.5228338489494,-0.0334767510880166
65.556200515771,-0.0306246504959915
65.5895671825925,-0.0293762704875132
65.622933849414,-0.0270959960188023
65.6563005162356,-0.0256459356995531
65.6896671830571,-0.0229834844287717
65.7230338498786,-0.0221732420645783
65.7564005167001,-0.0224173384974629
65.7897671835217,-0.0210388544630756
65.8231338503432,-0.0227144022292454
65.8565005171647,-0.0219753528784122
65.8898671839863,-0.0235741495318052
65.9232338508078,-0.0235228092887306
65.9566005176293,-0.024683122000106
65.9899671844508,-0.0285522094495089
66.0233338512724,-0.0305679726450951
66.0567005180939,-0.0326589333582182
66.0900671849154,-0.0345230162674432
66.123433851737,-0.0360854049991884
66.1568005185585,-0.0375083587680944
66.19016718538,-0.0401944587958535
66.2235338522015,-0.0407075447297495
66.2569005190231,-0.0402411909379122
66.2902671858446,-0.0378188146286527
66.3236338526661,-0.0359687770536415
66.3570005194877,-0.0330086211250192
66.3903671863092,-0.0310673212954194
66.4237338531307,-0.030203309709238
66.4571005199522,-0.0279120388953038
66.4904671867738,-0.0272765155767034
66.5238338535953,-0.0256188654923448
66.5572005204168,-0.0248242217849563
66.5905671872384,-0.0242584527787947
66.6239338540599,-0.0231622334065743
66.6573005208814,-0.0239586204752644
66.6906671877029,-0.0260419088915291
66.7240338545245,-0.027090739284732
66.757400521346,-0.0291097064237389
66.7907671881675,-0.0305953456053479
66.8241338549891,-0.0320158898839928
66.8575005218106,-0.0345796364618795
66.8908671886321,-0.0347244913014041
66.9242338554536,-0.0354116609266759
66.9576005222752,-0.0359416648643166
66.9909671890967,-0.0369839110717248
67.0243338559182,-0.0359142762058218
67.0577005227398,-0.0373612112594868
67.0910671895613,-0.0381749415823474
67.1244338563828,-0.0385101077324751
67.1578005232043,-0.0366811588005582
67.1911671900259,-0.036288401872081
67.2245338568474,-0.0333983639530081
67.2579005236689,-0.0316939361116596
67.2912671904905,-0.0319114253426368
67.324633857312,-0.0303608350805953
67.3580005241335,-0.0292725025240946
67.391367190955,-0.0280168090526794
67.4247338577766,-0.0275490951073816
67.4581005245981,-0.0273998687556568
67.4914671914196,-0.0280408748554058
67.5248338582411,-0.0272615882795387
67.5582005250627,-0.0276427007374703
67.5915671918842,-0.0281005386441573
67.6249338587057,-0.0279538144092511
67.6583005255273,-0.0309963823900855
67.6916671923488,-0.0305504463916567
67.7250338591703,-0.0309905610696049
67.7584005259919,-0.0323906819735617
67.7917671928134,-0.0342625234619931
67.8251338596349,-0.0328097860304778
67.8585005264564,-0.0330688339559297
67.891867193278,-0.0324160502115503
67.9252338600995,-0.0321148066325897
67.958600526921,-0.03042205629913
67.9919671937426,-0.0306584481711614
68.0253338605641,-0.0309594649347702
68.0587005273856,-0.0304964663474198
68.0920671942071,-0.0311740968638037
68.1254338610287,-0.0322355267430765
68.1588005278502,-0.0310794855213899
68.1921671946717,-0.0304613542927319
68.2255338614933,-0.0289961790226346
68.2589005283148,-0.0282850122284243
68.2922671951363,-0.0287526874039931
68.3256338619578,-0.0282397186129903
68.3590005287794,-0.0277019353612117
68.3923671956009,-0.0290506749677093
68.4257338624224,-0.0280790393019881
68.459100529244,-0.0293437619387373
68.4924671960655,-0.0291917202375154
68.525833862887,-0.0320253814659592
68.5592005297085,-0.0344010174761432
68.5925671965301,-0.0352121282379209
68.6259338633516,-0.0346682307130104
68.6593005301731,-0.0343763249467775
68.6926671969947,-0.0338566761730265
68.7260338638162,-0.0331813862117962
68.7594005306377,-0.0318784502070215
68.7927671974592,-0.0307685189361633
68.8261338642808,-0.0289752214192268
68.8595005311023,-0.0298160921027426
68.8928671979238,-0.0273737288258507
68.9262338647454,-0.0281947526607102
68.9596005315669,-0.0265936769067417
68.9929671983884,-0.027922855337842
69.0263338652099,-0.0278066580655654
69.0597005320315,-0.0281592772128273
69.093067198853,-0.0269655792195603
69.1264338656745,-0.0273766885302979
69.1598005324961,-0.0278423281100011
69.1931671993176,-0.0300979168097451
69.2265338661391,-0.0290454594653557
69.2599005329606,-0.0285668719508502
69.2932671997822,-0.0303371445967182
69.3266338666037,-0.0312356727355328
69.3600005334252,-0.0317348276319778
69.3933672002468,-0.0316991660591146
69.4267338670683,-0.0324368166008772
69.4601005338898,-0.0327946291180886
69.4934672007113,-0.0309864460839329
69.5268338675329,-0.0322808420672065
69.5602005343544,-0.0345570516208371
69.5935672011759,-0.0332580655683371
69.6269338679974,-0.0330391001964301
69.660300534819,-0.0331532629006963
69.6936672016405,-0.0325257523987411
69.727033868462,-0.0320449973697245
69.7604005352836,-0.0330299595005658
69.7937672021051,-0.0313857462483245
69.8271338689266,-0.030793817665595
69.8605005357482,-0.0306517983275428
69.8938672025697,-0.0304050649912745
69.9272338693912,-0.0293129258210345
69.9606005362127,-0.029481177753641
69.9939672030343,-0.0285678818648377
70.0273338698558,-0.0290928593398543
70.0607005366773,-0.0299703341827033
70.0940672034988,-0.0286354626035556
70.1274338703204,-0.0282267234933774
70.1608005371419,-0.0295273058893966
70.1941672039634,-0.028939086760192
70.227533870785,-0.0300861827330717
70.2609005376065,-0.0314265241265451
70.294267204428,-0.0295324760295101
70.3276338712496,-0.0309582435796257
70.3610005380711,-0.0309052024897387
70.3943672048926,-0.0316749003982325
70.4277338717141,-0.0314287668407215
70.4611005385357,-0.0336713307574717
70.4944672053572,-0.0330094694050172
70.5278338721787,-0.0323691458786644
70.5612005390003,-0.0340301306016388
70.5945672058218,-0.0328482056530197
70.6279338726433,-0.0330284043381914
70.6613005394648,-0.0333741128980392
70.6946672062864,-0.033855121666456
70.7280338731079,-0.0318586376415134
70.7614005399294,-0.0323081141645166
70.794767206751,-0.0318896597951448
70.8281338735725,-0.0323178697634825
70.861500540394,-0.0318486197006532
70.8948672072155,-0.0330160757712313
70.9282338740371,-0.0330857693733127
70.9616005408586,-0.0342269254459371
70.9949672076801,-0.0335341366837655
71.0283338745017,-0.0327581957802051
71.0617005413232,-0.0326253600761361
71.0950672081447,-0.0329082872532276
71.1284338749662,-0.0323852832073608
71.1618005417878,-0.0327546724953259
71.1951672086093,-0.0307161890234945
71.2285338754308,-0.0299723880198826
71.2619005422523,-0.0317841160941726
71.2952672090739,-0.0308138316235377
71.3286338758954,-0.0292632986581108
71.3620005427169,-0.0300603278983081
71.3953672095385,-0.0297765447171304
71.42873387636,-0.0299508271841401
71.4621005431815,-0.0306929527937923
71.4954672100031,-0.0312959687091127
71.5288338768246,-0.032997525015176
71.5622005436461,-0.0331197500608685
71.5955672104676,-0.0329891761263116
71.6289338772892,-0.033607435589387
71.6623005441107,-0.0335637422985066
71.6956672109322,-0.0335915220133917
71.7290338777537,-0.0330286734538744
71.7624005445753,-0.034901268255849
71.7957672113968,-0.0323726361504977
71.8291338782183,-0.0334089183402418
71.8625005450399,-0.0322380558421639
71.8958672118614,-0.029756721547001
71.9292338786829,-0.0312247037211463
71.9626005455045,-0.0303015646643441
71.995967212326,-0.0314122234963297
72.0293338791475,-0.0328654847884941
72.062700545969,-0.0314202884128132
72.0960672127906,-0.0316370372670202
72.1294338796121,-0.0322546770214144
72.1628005464336,-0.0332369730447788
72.1961672132551,-0.0341535881418487
72.2295338800767,-0.0353356285092504
72.2629005468982,-0.0345044540294473
72.2962672137197,-0.0346491273837452
72.3296338805413,-0.0361447894414063
72.3630005473628,-0.0348271219641583
72.3963672141843,-0.0331695104964069
72.4297338810059,-0.0337779407044448
72.4631005478274,-0.0326377919341257
72.4964672146489,-0.0322158687980308
72.5298338814704,-0.0316334117213895
72.563200548292,-0.0328076467152316
72.5965672151135,-0.0318968446324658
72.629933881935,-0.0310005286961611
72.6633005487565,-0.0314302260039913
72.6966672155781,-0.0325936065087561
72.7300338823996,-0.032259040101014
72.7634005492211,-0.0332674451875512
72.7967672160427,-0.0316840967612842
72.8301338828642,-0.0321019094264265
72.8635005496857,-0.0318684759439771
72.8968672165073,-0.0321461567273425
72.9302338833288,-0.0329394290716605
72.9636005501503,-0.0321701500747336
72.9969672169718,-0.031299197212539
73.0303338837934,-0.031342596222819
73.0637005506149,-0.0312367189358415
73.0970672174364,-0.0325367104253977
73.130433884258,-0.0333676732506649
73.1638005510795,-0.0311768415896411
73.197167217901,-0.0311913757316916
73.2305338847225,-0.0311574236008931
73.2639005515441,-0.0316068883332732
73.2972672183656,-0.0307144268201377
73.3306338851871,-0.030303786186691
73.3640005520086,-0.0299367880929586
73.3973672188302,-0.0302339467992094
73.4307338856517,-0.0299330064030726
73.4641005524732,-0.0302956350052159
73.4974672192948,-0.0302931045754964
73.5308338861163,-0.0294854335189961
73.5642005529378,-0.0292004826858641
73.5975672197594,-0.0300485230821479
73.6309338865809,-0.0297648371933978
73.6643005534024,-0.0307566157411771
73.6976672202239,-0.0307978741744553
73.7310338870455,-0.032161101232931
73.764400553867,-0.0316737666652061
73.7977672206885,-0.0308953381874219
73.83113388751,-0.031664118167272
73.8645005543316,-0.0326528510136078
73.8978672211531,-0.0324520873008347
73.9312338879746,-0.032289176251073
73.9646005547962,-0.0325393331824341
73.9979672216177,-0.0323965714122392
74.0313338884392,-0.0322367155547127
74.0647005552608,-0.0318060530637701
74.0980672220823,-0.0323802594714695
74.1314338889038,-0.0336751282165527
74.1648005557253,-0.0317912688187142
74.1981672225469,-0.0318256078037774
74.2315338893684,-0.0307376616398764
74.2649005561899,-0.0310600151027781
74.2982672230114,-0.0318384319022061
74.331633889833,-0.0322551298480036
74.3650005566545,-0.0321095040050536
74.398367223476,-0.0320001293533687
74.4317338902976,-0.0311622640302128
74.4651005571191,-0.0315890843114318
74.4984672239406,-0.031035301586929
74.5318338907622,-0.0290472100773041
74.5652005575837,-0.0306965746070642
74.5985672244052,-0.0311198302130158
74.6319338912267,-0.0319953907002446
74.6653005580483,-0.0309675901348417
74.6986672248698,-0.0308300807087738
74.7320338916913,-0.0310841143613557
74.7654005585128,-0.0317999339775286
74.7987672253344,-0.0318815734716193
74.8321338921559,-0.031713825846331
74.8655005589774,-0.0322092556280315
74.898867225799,-0.0306399699357563
74.9322338926205,-0.029627383438482
74.965600559442,-0.0298065865720694
74.9989672262635,-0.0297812583513892
